postal,active_total,candidate_total,delta_total,active_bus,candidate_bus,delta_bus,active_covered_ratio,candidate_covered_ratio,delta_covered_ratio,active_state,candidate_state,active_routing_type,candidate_routing_type
000135,41.9,61.9,20.0,0.0,100.0,100.0,0.232,0.232,0.0,SCORED,SCORED,sheltered,sheltered
018593,33.5,33.5,0.0,0.0,0.0,0.0,0.412,0.412,0.0,SCORED,SCORED,sheltered,sheltered
018906,51.9,51.9,0.0,0.0,0.0,0.0,0.298,0.298,0.0,SCORED,SCORED,sheltered,sheltered
018907,28.2,28.2,0.0,0.0,0.0,0.0,0.0,0.0,0.0,SCORED,SCORED,sheltered,sheltered
018910,40.0,40.0,0.0,0.0,0.0,0.0,0.0,0.0,0.0,SCORED,SCORED,sheltered,sheltered
018916,62.7,62.7,0.0,0.0,0.0,0.0,0.617,0.617,0.0,SCORED,SCORED,sheltered,sheltered
018925,76.4,76.4,0.0,0.0,0.0,0.0,0.909,0.909,0.0,SCORED,SCORED,sheltered,sheltered
018926,60.0,60.0,0.0,100.0,100.0,0.0,0.0,0.0,0.0,SCORED,SCORED,sheltered,sheltered
018927,47.9,47.9,0.0,0.0,0.0,0.0,0.391,0.391,0.0,SCORED,SCORED,sheltered,sheltered
018928,40.0,40.0,0.0,0.0,0.0,0.0,0.0,0.0,0.0,SCORED,SCORED,sheltered,sheltered
018929,40.0,40.0,0.0,0.0,0.0,0.0,0.0,0.0,0.0,SCORED,SCORED,sheltered,sheltered
018935,45.5,45.5,0.0,0.0,0.0,0.0,0.162,0.162,0.0,SCORED,SCORED,sheltered,sheltered
018936,47.3,70.1,22.8,0.0,100.0,100.0,0.207,0.304,0.097,SCORED,SCORED,sheltered,sheltered
018937,45.6,45.6,0.0,0.0,0.0,0.0,0.164,0.164,0.0,SCORED,SCORED,sheltered,sheltered
018940,37.8,37.8,0.0,0.0,0.0,0.0,0.0,0.0,0.0,SCORED,SCORED,sheltered,sheltered
018947,44.3,44.3,0.0,0.0,0.0,0.0,0.63,0.63,0.0,SCORED,SCORED,sheltered,sheltered
018948,40.0,40.0,0.0,0.0,0.0,0.0,0.0,0.0,0.0,SCORED,SCORED,sheltered_with_mrt_lrt_exit_access_connector,sheltered_with_mrt_lrt_exit_access_connector
018951,20.3,20.3,0.0,0.0,0.0,0.0,0.1,0.1,0.0,SCORED,SCORED,sheltered,sheltered
018953,25.5,25.5,0.0,0.0,0.0,0.0,0.201,0.201,0.0,SCORED,SCORED,sheltered,sheltered
018955,66.8,86.8,20.0,0.0,100.0,100.0,0.67,0.67,0.0,SCORED,SCORED,sheltered,sheltered
018956,82.0,82.0,0.0,100.0,100.0,0.0,0.551,0.551,0.0,SCORED,SCORED,sheltered,sheltered
018957,82.4,82.4,0.0,100.0,100.0,0.0,0.561,0.561,0.0,SCORED,SCORED,sheltered,sheltered
018958,68.2,88.2,20.0,0.0,100.0,100.0,0.706,0.706,0.0,SCORED,SCORED,sheltered,sheltered
018959,35.1,35.1,0.0,0.0,0.0,0.0,0.0,0.0,0.0,SCORED,SCORED,sheltered,sheltered
018960,86.8,86.8,0.0,100.0,100.0,0.0,0.671,0.671,0.0,SCORED,SCORED,sheltered,sheltered
018961,84.4,84.4,0.0,100.0,100.0,0.0,0.61,0.61,0.0,SCORED,SCORED,sheltered,sheltered
018962,63.2,63.2,0.0,100.0,100.0,0.0,0.208,0.208,0.0,SCORED,SCORED,sheltered,sheltered
018965,72.7,72.7,0.0,100.0,100.0,0.0,0.343,0.343,0.0,SCORED,SCORED,sheltered,sheltered
018969,72.7,72.7,0.0,100.0,100.0,0.0,0.342,0.342,0.0,SCORED,SCORED,sheltered,sheltered
018971,74.5,74.5,0.0,100.0,100.0,0.0,0.363,0.363,0.0,SCORED,SCORED,sheltered,sheltered
018972,72.0,72.0,0.0,0.0,0.0,0.0,0.832,0.832,0.0,SCORED,SCORED,sheltered_with_mrt_lrt_exit_access_connector,sheltered_with_mrt_lrt_exit_access_connector
018973,71.5,71.5,0.0,0.0,0.0,0.0,0.788,0.788,0.0,SCORED,SCORED,sheltered_with_mrt_lrt_exit_access_connector,sheltered_with_mrt_lrt_exit_access_connector
018974,31.8,31.8,0.0,0.0,0.0,0.0,0.272,0.272,0.0,SCORED,SCORED,sheltered,sheltered
018978,61.2,61.2,0.0,0.0,0.0,0.0,0.53,0.53,0.0,SCORED,SCORED,sheltered,sheltered
018979,66.8,66.8,0.0,0.0,0.0,0.0,0.671,0.671,0.0,SCORED,SCORED,sheltered,sheltered
018980,43.0,43.0,0.0,0.0,0.0,0.0,0.249,0.249,0.0,SCORED,SCORED,sheltered,sheltered
018981,53.9,73.9,20.0,0.0,100.0,100.0,0.397,0.397,0.0,SCORED,SCORED,sheltered,sheltered
018982,87.1,87.1,0.0,100.0,100.0,0.0,0.726,0.726,0.0,SCORED,SCORED,sheltered,sheltered
018983,93.5,93.5,0.0,100.0,100.0,0.0,0.837,0.837,0.0,SCORED,SCORED,sheltered,sheltered
018984,96.2,96.2,0.0,100.0,100.0,0.0,0.905,0.905,0.0,SCORED,SCORED,sheltered,sheltered
018985,77.4,77.4,0.0,100.0,100.0,0.0,0.485,0.485,0.0,SCORED,SCORED,sheltered,sheltered
018986,69.0,69.0,0.0,100.0,100.0,0.0,0.274,0.274,0.0,SCORED,SCORED,sheltered,sheltered
018987,77.4,77.4,0.0,100.0,100.0,0.0,0.485,0.485,0.0,SCORED,SCORED,sheltered,sheltered
018988,58.8,58.8,0.0,0.0,0.0,0.0,0.471,0.471,0.0,SCORED,SCORED,sheltered,sheltered
018989,74.6,74.6,0.0,0.0,0.0,0.0,0.916,0.916,0.0,SCORED,SCORED,sheltered,sheltered
019396,40.0,40.0,0.0,0.0,0.0,0.0,0.0,0.0,0.0,SCORED,SCORED,sheltered,sheltered
019397,40.0,40.0,0.0,0.0,0.0,0.0,0.0,0.0,0.0,SCORED,SCORED,sheltered,sheltered
019959,41.3,41.3,0.0,0.0,0.0,0.0,0.074,0.074,0.0,SCORED,SCORED,sheltered,sheltered
038970,60.6,60.6,0.0,100.0,100.0,0.0,0.039,0.039,0.0,SCORED,SCORED,sheltered_with_mrt_lrt_exit_access_connector,sheltered_with_mrt_lrt_exit_access_connector
038971,74.0,74.0,0.0,100.0,100.0,0.0,0.351,0.351,0.0,SCORED,SCORED,sheltered_with_mrt_lrt_exit_access_connector,sheltered_with_mrt_lrt_exit_access_connector
038975,32.6,32.6,0.0,0.0,0.0,0.0,0.413,0.413,0.0,SCORED,SCORED,sheltered,sheltered
038980,48.4,68.4,20.0,0.0,100.0,100.0,0.484,0.484,0.0,SCORED,SCORED,sheltered,sheltered
038981,93.1,93.1,0.0,100.0,100.0,0.0,0.929,0.929,0.0,SCORED,SCORED,sheltered,sheltered
038982,64.3,64.3,0.0,100.0,100.0,0.0,0.109,0.109,0.0,SCORED,SCORED,sheltered_with_mrt_lrt_exit_access_connector,sheltered_with_mrt_lrt_exit_access_connector
038983,76.9,76.9,0.0,100.0,100.0,0.0,0.725,0.725,0.0,SCORED,SCORED,sheltered,sheltered
038985,97.3,97.3,0.0,100.0,100.0,0.0,0.931,0.931,0.0,SCORED,SCORED,sheltered,sheltered
038986,90.6,90.6,0.0,100.0,100.0,0.0,0.805,0.805,0.0,SCORED,SCORED,sheltered,sheltered
038987,84.3,84.3,0.0,100.0,100.0,0.0,0.9,0.9,0.0,SCORED,SCORED,sheltered,sheltered
038988,77.2,77.2,0.0,100.0,100.0,0.0,0.629,0.629,0.0,SCORED,SCORED,sheltered,sheltered
038989,71.8,72.5,0.7,96.3,100.0,3.7,0.313,0.313,0.0,SCORED,SCORED,shortest_due_to_detour,shortest_due_to_detour
039190,76.9,76.9,0.0,100.0,100.0,0.0,0.423,0.423,0.0,SCORED,SCORED,sheltered,sheltered
039192,92.9,92.9,0.0,100.0,100.0,0.0,0.823,0.823,0.0,SCORED,SCORED,sheltered,sheltered
039193,66.4,66.4,0.0,100.0,100.0,0.0,0.161,0.161,0.0,SCORED,SCORED,sheltered,sheltered
039194,65.4,65.4,0.0,100.0,100.0,0.0,0.134,0.134,0.0,SCORED,SCORED,sheltered,sheltered
039392,96.7,96.7,0.0,100.0,100.0,0.0,0.917,0.917,0.0,SCORED,SCORED,sheltered,sheltered
039393,65.0,65.0,0.0,100.0,100.0,0.0,0.175,0.175,0.0,SCORED,SCORED,sheltered,sheltered
039593,74.0,74.0,0.0,0.0,0.0,0.0,0.849,0.849,0.0,SCORED,SCORED,sheltered,sheltered
039594,60.4,60.4,0.0,0.0,0.0,0.0,0.611,0.611,0.0,SCORED,SCORED,sheltered,sheltered
039595,91.8,91.8,0.0,100.0,100.0,0.0,0.796,0.796,0.0,SCORED,SCORED,sheltered_with_bus_stop_access_connector,sheltered_with_bus_stop_access_connector
039596,71.3,71.3,0.0,100.0,100.0,0.0,0.281,0.281,0.0,SCORED,SCORED,sheltered_with_mrt_lrt_exit_access_connector,sheltered_with_mrt_lrt_exit_access_connector
039797,81.0,81.0,0.0,100.0,100.0,0.0,0.525,0.525,0.0,SCORED,SCORED,sheltered_with_bus_stop_access_connector,sheltered_with_bus_stop_access_connector
039799,72.0,72.0,0.0,100.0,100.0,0.0,0.3,0.3,0.0,SCORED,SCORED,sheltered,sheltered
039801,97.0,97.0,0.0,100.0,100.0,0.0,0.925,0.925,0.0,SCORED,SCORED,sheltered_with_bus_stop_access_connector,sheltered_with_bus_stop_access_connector
039802,80.5,80.5,0.0,100.0,100.0,0.0,0.631,0.631,0.0,SCORED,SCORED,sheltered,sheltered
039803,60.2,60.2,0.0,100.0,100.0,0.0,0.0,0.0,0.0,SCORED,SCORED,sheltered,sheltered
039805,25.9,25.9,0.0,0.0,0.0,0.0,0.437,0.437,0.0,SCORED,SCORED,sheltered,sheltered
039807,60.0,60.0,0.0,100.0,100.0,0.0,0.0,0.0,0.0,SCORED,SCORED,sheltered_with_bus_stop_access_connector,sheltered_with_bus_stop_access_connector
040893,79.6,79.6,0.0,100.0,100.0,0.0,0.489,0.489,0.0,SCORED,SCORED,sheltered,sheltered
048416,59.0,59.0,0.0,100.0,100.0,0.0,0.0,0.0,0.0,SCORED,SCORED,sheltered_with_mrt_lrt_exit_access_connector,sheltered_with_mrt_lrt_exit_access_connector
048417,60.0,60.0,0.0,100.0,100.0,0.0,0.0,0.0,0.0,SCORED,SCORED,sheltered,sheltered
048418,60.0,60.0,0.0,100.0,100.0,0.0,0.0,0.0,0.0,SCORED,SCORED,sheltered,sheltered
048421,96.6,96.6,0.0,100.0,100.0,0.0,0.941,0.941,0.0,SCORED,SCORED,sheltered,sheltered
048422,40.0,40.0,0.0,0.0,0.0,0.0,0.0,0.0,0.0,SCORED,SCORED,sheltered,sheltered
048423,44.5,44.5,0.0,0.0,0.0,0.0,0.114,0.114,0.0,SCORED,SCORED,sheltered_with_mrt_lrt_exit_access_connector,sheltered_with_mrt_lrt_exit_access_connector
048424,60.0,60.0,0.0,100.0,100.0,0.0,0.0,0.0,0.0,SCORED,SCORED,sheltered_with_bus_stop_access_connector,sheltered_with_bus_stop_access_connector
048441,60.0,60.0,0.0,100.0,100.0,0.0,0.0,0.0,0.0,SCORED,SCORED,sheltered_with_mrt_lrt_exit_access_connector,sheltered_with_mrt_lrt_exit_access_connector
048458,60.0,60.0,0.0,100.0,100.0,0.0,0.0,0.0,0.0,SCORED,SCORED,sheltered_with_mrt_lrt_exit_access_connector,sheltered_with_mrt_lrt_exit_access_connector
048460,60.0,60.0,0.0,100.0,100.0,0.0,0.0,0.0,0.0,SCORED,SCORED,sheltered,sheltered
048462,60.0,60.0,0.0,100.0,100.0,0.0,0.0,0.0,0.0,SCORED,SCORED,sheltered_with_mrt_lrt_exit_access_connector,sheltered_with_mrt_lrt_exit_access_connector
048464,60.0,60.0,0.0,100.0,100.0,0.0,0.0,0.0,0.0,SCORED,SCORED,sheltered,sheltered
048466,60.0,60.0,0.0,100.0,100.0,0.0,0.0,0.0,0.0,SCORED,SCORED,sheltered,sheltered
048467,60.0,60.0,0.0,100.0,100.0,0.0,0.0,0.0,0.0,SCORED,SCORED,sheltered,sheltered
048468,60.0,60.0,0.0,100.0,100.0,0.0,0.0,0.0,0.0,SCORED,SCORED,sheltered,sheltered
048469,60.0,60.0,0.0,100.0,100.0,0.0,0.0,0.0,0.0,SCORED,SCORED,sheltered,sheltered
048470,60.0,60.0,0.0,100.0,100.0,0.0,0.0,0.0,0.0,SCORED,SCORED,sheltered,sheltered
048471,60.0,60.0,0.0,100.0,100.0,0.0,0.0,0.0,0.0,SCORED,SCORED,sheltered,sheltered
048472,60.0,60.0,0.0,100.0,100.0,0.0,0.0,0.0,0.0,SCORED,SCORED,sheltered,sheltered
048473,60.0,60.0,0.0,100.0,100.0,0.0,0.0,0.0,0.0,SCORED,SCORED,sheltered,sheltered
048474,60.0,60.0,0.0,100.0,100.0,0.0,0.0,0.0,0.0,SCORED,SCORED,sheltered,sheltered
048508,41.0,41.0,0.0,0.0,0.0,0.0,0.0,0.0,0.0,SCORED,SCORED,sheltered,sheltered
048542,85.0,85.0,0.0,100.0,100.0,0.0,0.65,0.65,0.0,SCORED,SCORED,sheltered,sheltered
048543,95.1,95.1,0.0,100.0,100.0,0.0,0.902,0.902,0.0,SCORED,SCORED,sheltered,sheltered
048544,93.5,93.5,0.0,100.0,100.0,0.0,0.862,0.862,0.0,SCORED,SCORED,sheltered,sheltered
048545,88.5,88.5,0.0,100.0,100.0,0.0,0.737,0.737,0.0,SCORED,SCORED,sheltered,sheltered
048547,81.2,81.2,0.0,100.0,100.0,0.0,0.613,0.613,0.0,SCORED,SCORED,sheltered,sheltered
048580,81.1,81.1,0.0,100.0,100.0,0.0,0.598,0.598,0.0,SCORED,SCORED,sheltered,sheltered
048581,72.6,72.6,0.0,100.0,100.0,0.0,0.51,0.51,0.0,SCORED,SCORED,sheltered,sheltered
048582,86.2,86.2,0.0,100.0,100.0,0.0,0.721,0.721,0.0,SCORED,SCORED,sheltered,sheltered
048583,90.6,90.6,0.0,100.0,100.0,0.0,0.815,0.815,0.0,SCORED,SCORED,sheltered,sheltered
048616,48.4,48.4,0.0,0.0,0.0,0.0,0.225,0.225,0.0,SCORED,SCORED,sheltered,sheltered
048617,77.1,77.6,0.5,97.5,100.0,2.5,0.404,0.404,0.0,SCORED,SCORED,sheltered_with_mrt_lrt_exit_access_connector,sheltered_with_mrt_lrt_exit_access_connector
048618,77.6,77.6,0.0,0.0,0.0,0.0,0.965,0.965,0.0,SCORED,SCORED,sheltered,sheltered
048619,83.3,83.3,0.0,100.0,100.0,0.0,0.527,0.527,0.0,SCORED,SCORED,sheltered,sheltered
048621,77.2,77.2,0.0,0.0,0.0,0.0,0.956,0.956,0.0,SCORED,SCORED,sheltered,sheltered
048622,83.3,83.3,0.0,100.0,100.0,0.0,0.576,0.576,0.0,SCORED,SCORED,sheltered_with_bus_stop_access_connector,sheltered_with_bus_stop_access_connector
048623,80.0,80.0,0.0,100.0,100.0,0.0,0.481,0.481,0.0,SCORED,SCORED,sheltered_with_bus_stop_access_connector,sheltered_with_bus_stop_access_connector
048624,42.0,42.0,0.0,0.0,0.0,0.0,0.0,0.0,0.0,SCORED,SCORED,sheltered,sheltered
048625,73.4,73.4,0.0,100.0,100.0,0.0,0.298,0.298,0.0,SCORED,SCORED,sheltered,sheltered
048658,70.1,70.1,0.0,100.0,100.0,0.0,0.38,0.38,0.0,SCORED,SCORED,sheltered,sheltered
048659,77.0,77.0,0.0,100.0,100.0,0.0,0.48,0.48,0.0,SCORED,SCORED,sheltered,sheltered
048660,79.4,79.4,0.0,100.0,100.0,0.0,0.535,0.535,0.0,SCORED,SCORED,sheltered,sheltered
048671,93.8,93.8,0.0,100.0,100.0,0.0,0.844,0.844,0.0,SCORED,SCORED,sheltered,sheltered
048692,61.9,61.9,0.0,100.0,100.0,0.0,0.0,0.0,0.0,SCORED,SCORED,sheltered,sheltered
048693,61.7,61.7,0.0,100.0,100.0,0.0,0.0,0.0,0.0,SCORED,SCORED,sheltered,sheltered
048694,61.5,61.5,0.0,100.0,100.0,0.0,0.0,0.0,0.0,SCORED,SCORED,sheltered,sheltered
048695,64.5,64.5,0.0,100.0,100.0,0.0,0.134,0.134,0.0,SCORED,SCORED,sheltered,sheltered
048696,39.6,60.0,20.4,0.0,100.0,100.0,0.0,0.0,0.0,SCORED,SCORED,sheltered,sheltered
048761,60.0,60.0,0.0,100.0,100.0,0.0,0.0,0.0,0.0,SCORED,SCORED,sheltered,sheltered
048762,90.3,90.3,0.0,100.0,100.0,0.0,0.758,0.758,0.0,SCORED,SCORED,sheltered,sheltered
048763,90.6,90.6,0.0,100.0,100.0,0.0,0.765,0.765,0.0,SCORED,SCORED,sheltered,sheltered
048764,90.3,90.3,0.0,100.0,100.0,0.0,0.758,0.758,0.0,SCORED,SCORED,sheltered,sheltered
048765,90.3,90.3,0.0,100.0,100.0,0.0,0.758,0.758,0.0,SCORED,SCORED,sheltered,sheltered
048766,90.3,90.3,0.0,100.0,100.0,0.0,0.758,0.758,0.0,SCORED,SCORED,sheltered,sheltered
048767,90.3,90.3,0.0,100.0,100.0,0.0,0.758,0.758,0.0,SCORED,SCORED,sheltered,sheltered
048768,90.3,90.3,0.0,100.0,100.0,0.0,0.758,0.758,0.0,SCORED,SCORED,sheltered,sheltered
048769,90.3,90.3,0.0,100.0,100.0,0.0,0.758,0.758,0.0,SCORED,SCORED,sheltered,sheltered
048770,90.3,90.3,0.0,100.0,100.0,0.0,0.758,0.758,0.0,SCORED,SCORED,sheltered,sheltered
048772,60.0,60.0,0.0,100.0,100.0,0.0,0.0,0.0,0.0,SCORED,SCORED,sheltered_with_mrt_lrt_exit_access_connector,sheltered_with_mrt_lrt_exit_access_connector
048773,60.0,60.0,0.0,100.0,100.0,0.0,0.0,0.0,0.0,SCORED,SCORED,sheltered_with_mrt_lrt_exit_access_connector,sheltered_with_mrt_lrt_exit_access_connector
048774,60.0,60.0,0.0,100.0,100.0,0.0,0.0,0.0,0.0,SCORED,SCORED,sheltered_with_mrt_lrt_exit_access_connector,sheltered_with_mrt_lrt_exit_access_connector
048775,60.0,60.0,0.0,100.0,100.0,0.0,0.0,0.0,0.0,SCORED,SCORED,sheltered_with_mrt_lrt_exit_access_connector,sheltered_with_mrt_lrt_exit_access_connector
048776,60.0,60.0,0.0,100.0,100.0,0.0,0.0,0.0,0.0,SCORED,SCORED,sheltered_with_mrt_lrt_exit_access_connector,sheltered_with_mrt_lrt_exit_access_connector
048777,60.0,60.0,0.0,100.0,100.0,0.0,0.0,0.0,0.0,SCORED,SCORED,sheltered_with_mrt_lrt_exit_access_connector,sheltered_with_mrt_lrt_exit_access_connector
048778,60.0,60.0,0.0,100.0,100.0,0.0,0.0,0.0,0.0,SCORED,SCORED,sheltered_with_mrt_lrt_exit_access_connector,sheltered_with_mrt_lrt_exit_access_connector
048779,60.0,60.0,0.0,100.0,100.0,0.0,0.0,0.0,0.0,SCORED,SCORED,sheltered_with_mrt_lrt_exit_access_connector,sheltered_with_mrt_lrt_exit_access_connector
048780,60.0,60.0,0.0,100.0,100.0,0.0,0.0,0.0,0.0,SCORED,SCORED,sheltered_with_mrt_lrt_exit_access_connector,sheltered_with_mrt_lrt_exit_access_connector
048781,60.0,60.0,0.0,100.0,100.0,0.0,0.0,0.0,0.0,SCORED,SCORED,sheltered_with_mrt_lrt_exit_access_connector,sheltered_with_mrt_lrt_exit_access_connector
048782,60.0,60.0,0.0,100.0,100.0,0.0,0.0,0.0,0.0,SCORED,SCORED,sheltered_with_mrt_lrt_exit_access_connector,sheltered_with_mrt_lrt_exit_access_connector
048815,60.6,60.6,0.0,100.0,100.0,0.0,0.0,0.0,0.0,SCORED,SCORED,sheltered,sheltered
048816,60.6,60.6,0.0,100.0,100.0,0.0,0.0,0.0,0.0,SCORED,SCORED,sheltered,sheltered
048817,60.0,60.0,0.0,100.0,100.0,0.0,0.0,0.0,0.0,SCORED,SCORED,sheltered_with_mrt_lrt_exit_access_connector,sheltered_with_mrt_lrt_exit_access_connector
048818,60.0,60.0,0.0,100.0,100.0,0.0,0.0,0.0,0.0,SCORED,SCORED,sheltered_with_mrt_lrt_exit_access_connector,sheltered_with_mrt_lrt_exit_access_connector
048819,60.0,60.0,0.0,100.0,100.0,0.0,0.0,0.0,0.0,SCORED,SCORED,sheltered_with_mrt_lrt_exit_access_connector,sheltered_with_mrt_lrt_exit_access_connector
048820,60.0,60.0,0.0,100.0,100.0,0.0,0.0,0.0,0.0,SCORED,SCORED,sheltered_with_mrt_lrt_exit_access_connector,sheltered_with_mrt_lrt_exit_access_connector
048821,60.0,60.0,0.0,100.0,100.0,0.0,0.0,0.0,0.0,SCORED,SCORED,sheltered_with_mrt_lrt_exit_access_connector,sheltered_with_mrt_lrt_exit_access_connector
048822,60.0,60.0,0.0,100.0,100.0,0.0,0.0,0.0,0.0,SCORED,SCORED,sheltered_with_mrt_lrt_exit_access_connector,sheltered_with_mrt_lrt_exit_access_connector
048823,60.0,60.0,0.0,100.0,100.0,0.0,0.0,0.0,0.0,SCORED,SCORED,sheltered_with_mrt_lrt_exit_access_connector,sheltered_with_mrt_lrt_exit_access_connector
048824,60.0,60.0,0.0,100.0,100.0,0.0,0.0,0.0,0.0,SCORED,SCORED,sheltered_with_mrt_lrt_exit_access_connector,sheltered_with_mrt_lrt_exit_access_connector
048825,44.6,44.6,0.0,0.0,0.0,0.0,0.44,0.44,0.0,SCORED,SCORED,sheltered,sheltered
048826,62.6,62.6,0.0,100.0,100.0,0.0,0.348,0.348,0.0,SCORED,SCORED,sheltered,sheltered
048828,63.9,63.9,0.0,100.0,100.0,0.0,0.358,0.358,0.0,SCORED,SCORED,sheltered,sheltered
048829,63.7,63.7,0.0,100.0,100.0,0.0,0.357,0.357,0.0,SCORED,SCORED,sheltered,sheltered
048830,63.5,63.5,0.0,100.0,100.0,0.0,0.355,0.355,0.0,SCORED,SCORED,sheltered,sheltered
048831,66.0,66.0,0.0,100.0,100.0,0.0,0.379,0.379,0.0,SCORED,SCORED,sheltered,sheltered
048832,66.2,66.2,0.0,100.0,100.0,0.0,0.382,0.382,0.0,SCORED,SCORED,sheltered,sheltered
048833,66.4,66.4,0.0,100.0,100.0,0.0,0.383,0.383,0.0,SCORED,SCORED,sheltered,sheltered
048834,69.2,69.2,0.0,100.0,100.0,0.0,0.408,0.408,0.0,SCORED,SCORED,sheltered,sheltered
048941,42.5,42.5,0.0,0.0,0.0,0.0,0.138,0.138,0.0,SCORED,SCORED,sheltered,sheltered
048942,50.6,50.6,0.0,0.0,0.0,0.0,0.253,0.253,0.0,SCORED,SCORED,sheltered,sheltered
048943,89.8,89.8,0.0,100.0,100.0,0.0,0.8,0.8,0.0,SCORED,SCORED,sheltered,sheltered
048946,78.2,78.2,0.0,100.0,100.0,0.0,0.574,0.574,0.0,SCORED,SCORED,sheltered,sheltered
048947,62.6,62.6,0.0,97.5,97.5,0.0,0.152,0.152,0.0,SCORED,SCORED,sheltered,sheltered
048948,62.8,62.8,0.0,97.5,97.5,0.0,0.157,0.157,0.0,SCORED,SCORED,sheltered,sheltered
048979,48.8,48.8,0.0,0.0,0.0,0.0,0.503,0.503,0.0,SCORED,SCORED,sheltered,sheltered
048980,48.8,48.8,0.0,0.0,0.0,0.0,0.504,0.504,0.0,SCORED,SCORED,sheltered,sheltered
049014,70.5,70.5,0.0,100.0,100.0,0.0,0.512,0.512,0.0,SCORED,SCORED,sheltered,sheltered
049015,65.3,65.3,0.0,100.0,100.0,0.0,0.204,0.204,0.0,SCORED,SCORED,sheltered,sheltered
049016,65.2,65.2,0.0,100.0,100.0,0.0,0.203,0.203,0.0,SCORED,SCORED,sheltered,sheltered
049017,63.6,63.6,0.0,100.0,100.0,0.0,0.193,0.193,0.0,SCORED,SCORED,sheltered,sheltered
049018,63.7,63.7,0.0,100.0,100.0,0.0,0.194,0.194,0.0,SCORED,SCORED,sheltered,sheltered
049019,63.8,63.8,0.0,100.0,100.0,0.0,0.194,0.194,0.0,SCORED,SCORED,sheltered,sheltered
049021,63.5,63.5,0.0,100.0,100.0,0.0,0.192,0.192,0.0,SCORED,SCORED,sheltered,sheltered
049023,63.0,63.0,0.0,100.0,100.0,0.0,0.19,0.19,0.0,SCORED,SCORED,sheltered,sheltered
049024,62.8,62.8,0.0,100.0,100.0,0.0,0.188,0.188,0.0,SCORED,SCORED,sheltered,sheltered
049025,62.5,62.5,0.0,100.0,100.0,0.0,0.186,0.186,0.0,SCORED,SCORED,sheltered,sheltered
049026,62.2,62.2,0.0,100.0,100.0,0.0,0.185,0.185,0.0,SCORED,SCORED,sheltered,sheltered
049027,64.2,64.2,0.0,100.0,100.0,0.0,0.365,0.365,0.0,SCORED,SCORED,sheltered,sheltered
049028,64.6,64.6,0.0,100.0,100.0,0.0,0.368,0.368,0.0,SCORED,SCORED,sheltered,sheltered
049031,63.3,63.3,0.0,100.0,100.0,0.0,0.353,0.353,0.0,SCORED,SCORED,sheltered,sheltered
049032,62.9,62.9,0.0,100.0,100.0,0.0,0.35,0.35,0.0,SCORED,SCORED,sheltered,sheltered
049033,62.6,62.6,0.0,100.0,100.0,0.0,0.348,0.348,0.0,SCORED,SCORED,sheltered,sheltered
049034,40.3,40.3,0.0,0.0,0.0,0.0,0.175,0.175,0.0,SCORED,SCORED,sheltered,sheltered
049035,40.5,40.5,0.0,0.0,0.0,0.0,0.176,0.176,0.0,SCORED,SCORED,sheltered,sheltered
049036,41.4,41.4,0.0,0.0,0.0,0.0,0.18,0.18,0.0,SCORED,SCORED,sheltered,sheltered
049037,41.4,41.4,0.0,0.0,0.0,0.0,0.18,0.18,0.0,SCORED,SCORED,sheltered,sheltered
049144,60.0,60.0,0.0,100.0,100.0,0.0,0.0,0.0,0.0,SCORED,SCORED,sheltered,sheltered
049145,65.2,65.2,0.0,100.0,100.0,0.0,0.131,0.131,0.0,SCORED,SCORED,sheltered,sheltered
049178,64.0,64.0,0.0,100.0,100.0,0.0,0.075,0.075,0.0,SCORED,SCORED,sheltered,sheltered
049213,66.2,66.2,0.0,100.0,100.0,0.0,0.381,0.381,0.0,SCORED,SCORED,sheltered,sheltered
049215,59.0,59.0,0.0,100.0,100.0,0.0,0.0,0.0,0.0,SCORED,SCORED,sheltered,sheltered
049246,95.6,95.6,0.0,100.0,100.0,0.0,0.915,0.915,0.0,SCORED,SCORED,sheltered,sheltered
049247,74.8,74.8,0.0,100.0,100.0,0.0,0.523,0.523,0.0,SCORED,SCORED,sheltered,sheltered
049315,79.0,79.0,0.0,100.0,100.0,0.0,0.469,0.469,0.0,SCORED,SCORED,sheltered_with_mrt_lrt_exit_access_connector,sheltered_with_mrt_lrt_exit_access_connector
049317,59.8,79.8,20.0,0.0,100.0,100.0,0.436,0.436,0.0,SCORED,SCORED,sheltered,sheltered
049318,86.1,86.1,0.0,100.0,100.0,0.0,0.643,0.643,0.0,SCORED,SCORED,sheltered_with_mrt_lrt_exit_access_connector,sheltered_with_mrt_lrt_exit_access_connector
049319,66.0,66.0,0.0,100.0,100.0,0.0,0.102,0.102,0.0,SCORED,SCORED,sheltered,sheltered
049320,74.4,74.4,0.0,100.0,100.0,0.0,0.355,0.355,0.0,SCORED,SCORED,sheltered,sheltered
049321,72.3,72.3,0.0,100.0,100.0,0.0,0.34,0.34,0.0,SCORED,SCORED,sheltered,sheltered
049322,78.9,78.9,0.0,100.0,100.0,0.0,0.468,0.468,0.0,SCORED,SCORED,sheltered_with_mrt_lrt_exit_access_connector,sheltered_with_mrt_lrt_exit_access_connector
049323,59.3,59.3,0.0,100.0,100.0,0.0,0.114,0.114,0.0,SCORED,SCORED,sheltered,sheltered
049325,80.1,80.1,0.0,100.0,100.0,0.0,0.469,0.469,0.0,SCORED,SCORED,sheltered,sheltered
049326,79.2,79.2,0.0,100.0,100.0,0.0,0.476,0.476,0.0,SCORED,SCORED,sheltered_with_mrt_lrt_exit_access_connector,sheltered_with_mrt_lrt_exit_access_connector
049327,51.3,51.3,0.0,0.0,0.0,0.0,0.475,0.475,0.0,SCORED,SCORED,sheltered,sheltered
049357,73.3,73.3,0.0,100.0,100.0,0.0,0.399,0.399,0.0,SCORED,SCORED,sheltered,sheltered
049358,74.7,74.7,0.0,100.0,100.0,0.0,0.414,0.414,0.0,SCORED,SCORED,sheltered,sheltered
049359,72.1,72.1,0.0,100.0,100.0,0.0,0.387,0.387,0.0,SCORED,SCORED,sheltered,sheltered
049360,72.0,72.0,0.0,100.0,100.0,0.0,0.386,0.386,0.0,SCORED,SCORED,sheltered,sheltered
049361,70.9,70.9,0.0,100.0,100.0,0.0,0.376,0.376,0.0,SCORED,SCORED,sheltered,sheltered
049362,73.5,73.5,0.0,100.0,100.0,0.0,0.575,0.575,0.0,SCORED,SCORED,sheltered,sheltered
049363,70.3,70.3,0.0,100.0,100.0,0.0,0.37,0.37,0.0,SCORED,SCORED,sheltered,sheltered
049364,69.8,69.8,0.0,100.0,100.0,0.0,0.365,0.365,0.0,SCORED,SCORED,sheltered,sheltered
049365,72.6,72.6,0.0,100.0,100.0,0.0,0.565,0.565,0.0,SCORED,SCORED,sheltered,sheltered
049366,68.7,68.7,0.0,100.0,100.0,0.0,0.355,0.355,0.0,SCORED,SCORED,sheltered,sheltered
049367,68.8,68.8,0.0,100.0,100.0,0.0,0.356,0.356,0.0,SCORED,SCORED,sheltered,sheltered
049368,71.4,71.4,0.0,100.0,100.0,0.0,0.552,0.552,0.0,SCORED,SCORED,sheltered,sheltered
049369,68.0,68.0,0.0,100.0,100.0,0.0,0.349,0.349,0.0,SCORED,SCORED,sheltered,sheltered
049370,47.3,47.3,0.0,0.0,0.0,0.0,0.217,0.217,0.0,SCORED,SCORED,sheltered,sheltered
049371,47.3,47.3,0.0,0.0,0.0,0.0,0.218,0.218,0.0,SCORED,SCORED,sheltered,sheltered
049372,47.2,47.2,0.0,0.0,0.0,0.0,0.217,0.217,0.0,SCORED,SCORED,sheltered,sheltered
049373,46.0,46.0,0.0,0.0,0.0,0.0,0.209,0.209,0.0,SCORED,SCORED,sheltered,sheltered
049374,46.1,46.1,0.0,0.0,0.0,0.0,0.209,0.209,0.0,SCORED,SCORED,sheltered,sheltered
049376,71.4,71.4,0.0,100.0,100.0,0.0,0.521,0.521,0.0,SCORED,SCORED,sheltered,sheltered
049377,45.6,45.6,0.0,0.0,0.0,0.0,0.206,0.206,0.0,SCORED,SCORED,sheltered,sheltered
049378,45.1,45.1,0.0,0.0,0.0,0.0,0.203,0.203,0.0,SCORED,SCORED,sheltered,sheltered
049379,44.5,44.5,0.0,0.0,0.0,0.0,0.198,0.198,0.0,SCORED,SCORED,sheltered,sheltered
049380,44.5,44.5,0.0,0.0,0.0,0.0,0.199,0.199,0.0,SCORED,SCORED,sheltered,sheltered
049381,43.6,43.6,0.0,0.0,0.0,0.0,0.193,0.193,0.0,SCORED,SCORED,sheltered,sheltered
049382,43.7,43.7,0.0,0.0,0.0,0.0,0.194,0.194,0.0,SCORED,SCORED,sheltered,sheltered
049383,43.1,43.1,0.0,0.0,0.0,0.0,0.19,0.19,0.0,SCORED,SCORED,sheltered,sheltered
049384,43.1,43.1,0.0,0.0,0.0,0.0,0.19,0.19,0.0,SCORED,SCORED,sheltered,sheltered
049385,42.6,42.6,0.0,0.0,0.0,0.0,0.187,0.187,0.0,SCORED,SCORED,sheltered,sheltered
049386,42.0,42.0,0.0,0.0,0.0,0.0,0.183,0.183,0.0,SCORED,SCORED,sheltered,sheltered
049387,42.0,42.0,0.0,0.0,0.0,0.0,0.183,0.183,0.0,SCORED,SCORED,sheltered,sheltered
049388,41.2,41.2,0.0,0.0,0.0,0.0,0.179,0.179,0.0,SCORED,SCORED,sheltered,sheltered
049389,41.2,41.2,0.0,0.0,0.0,0.0,0.179,0.179,0.0,SCORED,SCORED,sheltered,sheltered
049390,40.7,40.7,0.0,0.0,0.0,0.0,0.448,0.448,0.0,SCORED,SCORED,sheltered,sheltered
049391,40.7,40.7,0.0,0.0,0.0,0.0,0.448,0.448,0.0,SCORED,SCORED,sheltered,sheltered
049392,41.0,41.0,0.0,0.0,0.0,0.0,0.443,0.443,0.0,SCORED,SCORED,sheltered,sheltered
049393,41.0,41.0,0.0,0.0,0.0,0.0,0.443,0.443,0.0,SCORED,SCORED,sheltered,sheltered
049394,41.2,41.2,0.0,0.0,0.0,0.0,0.439,0.439,0.0,SCORED,SCORED,sheltered,sheltered
049395,40.0,40.0,0.0,0.0,0.0,0.0,0.0,0.0,0.0,SCORED,SCORED,sheltered_with_mrt_lrt_exit_access_connector,sheltered_with_mrt_lrt_exit_access_connector
049396,40.0,40.0,0.0,0.0,0.0,0.0,0.0,0.0,0.0,SCORED,SCORED,sheltered_with_mrt_lrt_exit_access_connector,sheltered_with_mrt_lrt_exit_access_connector
049397,40.0,40.0,0.0,0.0,0.0,0.0,0.0,0.0,0.0,SCORED,SCORED,sheltered_with_mrt_lrt_exit_access_connector,sheltered_with_mrt_lrt_exit_access_connector
049398,40.0,40.0,0.0,0.0,0.0,0.0,0.0,0.0,0.0,SCORED,SCORED,sheltered_with_mrt_lrt_exit_access_connector,sheltered_with_mrt_lrt_exit_access_connector
049400,40.0,40.0,0.0,0.0,0.0,0.0,0.0,0.0,0.0,SCORED,SCORED,sheltered_with_mrt_lrt_exit_access_connector,sheltered_with_mrt_lrt_exit_access_connector
049401,40.8,40.8,0.0,0.0,0.0,0.0,0.0,0.0,0.0,SCORED,SCORED,sheltered,sheltered
049402,40.8,40.8,0.0,0.0,0.0,0.0,0.0,0.0,0.0,SCORED,SCORED,sheltered,sheltered
049403,40.6,40.6,0.0,0.0,0.0,0.0,0.0,0.0,0.0,SCORED,SCORED,sheltered,sheltered
049404,40.3,40.3,0.0,0.0,0.0,0.0,0.0,0.0,0.0,SCORED,SCORED,sheltered_with_mrt_lrt_exit_access_connector,sheltered_with_mrt_lrt_exit_access_connector
049405,40.3,40.3,0.0,0.0,0.0,0.0,0.0,0.0,0.0,SCORED,SCORED,sheltered_with_mrt_lrt_exit_access_connector,sheltered_with_mrt_lrt_exit_access_connector
049406,41.0,41.0,0.0,0.0,0.0,0.0,0.0,0.0,0.0,SCORED,SCORED,sheltered,sheltered
049407,40.2,40.2,0.0,0.0,0.0,0.0,0.0,0.0,0.0,SCORED,SCORED,sheltered,sheltered
049409,40.8,40.8,0.0,0.0,0.0,0.0,0.0,0.0,0.0,SCORED,SCORED,sheltered,sheltered
049411,40.8,40.8,0.0,0.0,0.0,0.0,0.0,0.0,0.0,SCORED,SCORED,sheltered,sheltered
049412,40.8,40.8,0.0,0.0,0.0,0.0,0.0,0.0,0.0,SCORED,SCORED,sheltered,sheltered
049413,40.0,40.0,0.0,0.0,0.0,0.0,0.0,0.0,0.0,SCORED,SCORED,sheltered_with_mrt_lrt_exit_access_connector,sheltered_with_mrt_lrt_exit_access_connector
049415,40.0,40.0,0.0,0.0,0.0,0.0,0.0,0.0,0.0,SCORED,SCORED,sheltered_with_mrt_lrt_exit_access_connector,sheltered_with_mrt_lrt_exit_access_connector
049416,40.0,40.0,0.0,0.0,0.0,0.0,0.0,0.0,0.0,SCORED,SCORED,sheltered_with_mrt_lrt_exit_access_connector,sheltered_with_mrt_lrt_exit_access_connector
049417,40.0,40.0,0.0,0.0,0.0,0.0,0.0,0.0,0.0,SCORED,SCORED,sheltered_with_mrt_lrt_exit_access_connector,sheltered_with_mrt_lrt_exit_access_connector
049418,40.0,40.0,0.0,0.0,0.0,0.0,0.0,0.0,0.0,SCORED,SCORED,sheltered_with_mrt_lrt_exit_access_connector,sheltered_with_mrt_lrt_exit_access_connector
049419,45.4,45.4,0.0,0.0,0.0,0.0,0.446,0.446,0.0,SCORED,SCORED,sheltered,sheltered
049420,45.7,45.7,0.0,0.0,0.0,0.0,0.448,0.448,0.0,SCORED,SCORED,sheltered,sheltered
049421,45.9,45.9,0.0,0.0,0.0,0.0,0.45,0.45,0.0,SCORED,SCORED,sheltered,sheltered
049422,46.5,46.5,0.0,0.0,0.0,0.0,0.455,0.455,0.0,SCORED,SCORED,sheltered,sheltered
049423,46.6,46.6,0.0,0.0,0.0,0.0,0.456,0.456,0.0,SCORED,SCORED,sheltered,sheltered
049426,41.9,41.9,0.0,0.0,0.0,0.0,0.183,0.183,0.0,SCORED,SCORED,sheltered,sheltered
049427,41.9,41.9,0.0,0.0,0.0,0.0,0.183,0.183,0.0,SCORED,SCORED,sheltered,sheltered
049428,41.8,41.8,0.0,0.0,0.0,0.0,0.183,0.183,0.0,SCORED,SCORED,sheltered,sheltered
049429,42.6,42.6,0.0,0.0,0.0,0.0,0.187,0.187,0.0,SCORED,SCORED,sheltered,sheltered
049430,42.6,42.6,0.0,0.0,0.0,0.0,0.187,0.187,0.0,SCORED,SCORED,sheltered,sheltered
049431,42.5,42.5,0.0,0.0,0.0,0.0,0.187,0.187,0.0,SCORED,SCORED,sheltered,sheltered
049432,42.4,42.4,0.0,0.0,0.0,0.0,0.186,0.186,0.0,SCORED,SCORED,sheltered,sheltered
049433,64.6,64.6,0.0,100.0,100.0,0.0,0.199,0.199,0.0,SCORED,SCORED,sheltered,sheltered
049434,70.8,70.8,0.0,100.0,100.0,0.0,0.515,0.515,0.0,SCORED,SCORED,sheltered,sheltered
049435,71.0,71.0,0.0,100.0,100.0,0.0,0.516,0.516,0.0,SCORED,SCORED,sheltered,sheltered
049436,70.9,70.9,0.0,100.0,100.0,0.0,0.521,0.521,0.0,SCORED,SCORED,sheltered,sheltered
049437,70.8,70.8,0.0,100.0,100.0,0.0,0.52,0.52,0.0,SCORED,SCORED,sheltered,sheltered
049438,70.4,70.4,0.0,100.0,100.0,0.0,0.538,0.538,0.0,SCORED,SCORED,sheltered,sheltered
049439,70.6,70.6,0.0,100.0,100.0,0.0,0.54,0.54,0.0,SCORED,SCORED,sheltered,sheltered
049441,71.4,71.4,0.0,100.0,100.0,0.0,0.552,0.552,0.0,SCORED,SCORED,sheltered,sheltered
049442,71.4,71.4,0.0,100.0,100.0,0.0,0.552,0.552,0.0,SCORED,SCORED,sheltered,sheltered
049443,71.4,71.4,0.0,100.0,100.0,0.0,0.552,0.552,0.0,SCORED,SCORED,sheltered,sheltered
049444,71.4,71.4,0.0,100.0,100.0,0.0,0.552,0.552,0.0,SCORED,SCORED,sheltered,sheltered
049479,60.0,60.0,0.0,100.0,100.0,0.0,0.0,0.0,0.0,SCORED,SCORED,sheltered_with_bus_stop_access_connector,sheltered_with_bus_stop_access_connector
049480,60.0,60.0,0.0,100.0,100.0,0.0,0.0,0.0,0.0,SCORED,SCORED,sheltered_with_bus_stop_access_connector,sheltered_with_bus_stop_access_connector
049481,60.6,60.6,0.0,100.0,100.0,0.0,0.015,0.015,0.0,SCORED,SCORED,sheltered,sheltered
049482,60.0,60.0,0.0,100.0,100.0,0.0,0.0,0.0,0.0,SCORED,SCORED,sheltered,sheltered
049483,59.0,59.0,0.0,100.0,100.0,0.0,0.0,0.0,0.0,SCORED,SCORED,sheltered,sheltered
049513,40.1,60.1,20.0,0.0,100.0,100.0,0.116,0.116,0.0,SCORED,SCORED,sheltered,sheltered
049514,61.8,61.8,0.0,100.0,100.0,0.0,0.0,0.0,0.0,SCORED,SCORED,sheltered,sheltered
049515,60.0,60.0,0.0,100.0,100.0,0.0,0.0,0.0,0.0,SCORED,SCORED,sheltered,sheltered
049560,97.1,97.1,0.0,100.0,100.0,0.0,0.927,0.927,0.0,SCORED,SCORED,sheltered,sheltered
049561,60.0,60.0,0.0,100.0,100.0,0.0,0.0,0.0,0.0,SCORED,SCORED,sheltered,sheltered
049562,60.0,60.0,0.0,100.0,100.0,0.0,0.0,0.0,0.0,SCORED,SCORED,sheltered,sheltered
049563,60.0,60.0,0.0,100.0,100.0,0.0,0.0,0.0,0.0,SCORED,SCORED,sheltered,sheltered
049564,60.0,60.0,0.0,100.0,100.0,0.0,0.0,0.0,0.0,SCORED,SCORED,sheltered,sheltered
049565,60.0,60.0,0.0,100.0,100.0,0.0,0.0,0.0,0.0,SCORED,SCORED,sheltered,sheltered
049566,60.0,60.0,0.0,100.0,100.0,0.0,0.0,0.0,0.0,SCORED,SCORED,sheltered,sheltered
049567,60.0,60.0,0.0,100.0,100.0,0.0,0.0,0.0,0.0,SCORED,SCORED,sheltered,sheltered
049568,60.0,60.0,0.0,100.0,100.0,0.0,0.0,0.0,0.0,SCORED,SCORED,sheltered,sheltered
049570,60.0,60.0,0.0,100.0,100.0,0.0,0.0,0.0,0.0,SCORED,SCORED,sheltered,sheltered
049704,89.0,89.0,0.0,100.0,100.0,0.0,0.749,0.749,0.0,SCORED,SCORED,sheltered,sheltered
049705,83.4,83.4,0.0,100.0,100.0,0.0,0.654,0.654,0.0,SCORED,SCORED,sheltered,sheltered
049709,60.0,60.0,0.0,100.0,100.0,0.0,0.0,0.0,0.0,SCORED,SCORED,sheltered_with_mrt_lrt_exit_access_connector,sheltered_with_mrt_lrt_exit_access_connector
049710,60.0,60.0,0.0,100.0,100.0,0.0,0.0,0.0,0.0,SCORED,SCORED,sheltered_with_mrt_lrt_exit_access_connector,sheltered_with_mrt_lrt_exit_access_connector
049711,60.0,60.0,0.0,100.0,100.0,0.0,0.0,0.0,0.0,SCORED,SCORED,sheltered_with_bus_stop_access_connector,sheltered_with_bus_stop_access_connector
049712,67.8,68.3,0.5,97.5,100.0,2.5,0.478,0.478,0.0,SCORED,SCORED,sheltered,sheltered
049745,40.0,40.0,0.0,0.0,0.0,0.0,0.0,0.0,0.0,SCORED,SCORED,sheltered_with_mrt_lrt_exit_access_connector,sheltered_with_mrt_lrt_exit_access_connector
049747,40.0,40.0,0.0,0.0,0.0,0.0,0.0,0.0,0.0,SCORED,SCORED,sheltered_with_mrt_lrt_exit_access_connector,sheltered_with_mrt_lrt_exit_access_connector
049748,40.0,40.0,0.0,0.0,0.0,0.0,0.0,0.0,0.0,SCORED,SCORED,sheltered_with_mrt_lrt_exit_access_connector,sheltered_with_mrt_lrt_exit_access_connector
049816,41.0,41.0,0.0,0.0,0.0,0.0,0.0,0.0,0.0,SCORED,SCORED,sheltered,sheltered
049817,40.3,40.3,0.0,0.0,0.0,0.0,0.0,0.0,0.0,SCORED,SCORED,sheltered,sheltered
049818,40.9,40.9,0.0,0.0,0.0,0.0,0.0,0.0,0.0,SCORED,SCORED,sheltered,sheltered
049819,40.9,40.9,0.0,0.0,0.0,0.0,0.0,0.0,0.0,SCORED,SCORED,sheltered,sheltered
049820,40.6,40.6,0.0,0.0,0.0,0.0,0.0,0.0,0.0,SCORED,SCORED,sheltered,sheltered
049821,40.3,40.3,0.0,0.0,0.0,0.0,0.0,0.0,0.0,SCORED,SCORED,sheltered_with_mrt_lrt_exit_access_connector,sheltered_with_mrt_lrt_exit_access_connector
049822,40.3,40.3,0.0,0.0,0.0,0.0,0.0,0.0,0.0,SCORED,SCORED,sheltered_with_mrt_lrt_exit_access_connector,sheltered_with_mrt_lrt_exit_access_connector
049823,40.2,40.2,0.0,0.0,0.0,0.0,0.0,0.0,0.0,SCORED,SCORED,sheltered,sheltered
049824,40.0,40.0,0.0,0.0,0.0,0.0,0.0,0.0,0.0,SCORED,SCORED,sheltered_with_mrt_lrt_exit_access_connector,sheltered_with_mrt_lrt_exit_access_connector
049825,40.0,40.0,0.0,0.0,0.0,0.0,0.0,0.0,0.0,SCORED,SCORED,sheltered_with_mrt_lrt_exit_access_connector,sheltered_with_mrt_lrt_exit_access_connector
049826,40.0,40.0,0.0,0.0,0.0,0.0,0.0,0.0,0.0,SCORED,SCORED,sheltered_with_mrt_lrt_exit_access_connector,sheltered_with_mrt_lrt_exit_access_connector
049828,40.2,40.2,0.0,0.0,0.0,0.0,0.0,0.0,0.0,SCORED,SCORED,sheltered,sheltered
049829,40.0,40.0,0.0,0.0,0.0,0.0,0.0,0.0,0.0,SCORED,SCORED,sheltered_with_mrt_lrt_exit_access_connector,sheltered_with_mrt_lrt_exit_access_connector
049830,40.0,40.0,0.0,0.0,0.0,0.0,0.0,0.0,0.0,SCORED,SCORED,sheltered_with_mrt_lrt_exit_access_connector,sheltered_with_mrt_lrt_exit_access_connector
049831,40.0,40.0,0.0,0.0,0.0,0.0,0.0,0.0,0.0,SCORED,SCORED,sheltered_with_mrt_lrt_exit_access_connector,sheltered_with_mrt_lrt_exit_access_connector
049832,40.0,40.0,0.0,0.0,0.0,0.0,0.0,0.0,0.0,SCORED,SCORED,sheltered_with_mrt_lrt_exit_access_connector,sheltered_with_mrt_lrt_exit_access_connector
049833,40.0,40.0,0.0,0.0,0.0,0.0,0.0,0.0,0.0,SCORED,SCORED,sheltered_with_mrt_lrt_exit_access_connector,sheltered_with_mrt_lrt_exit_access_connector
049834,40.0,40.0,0.0,0.0,0.0,0.0,0.0,0.0,0.0,SCORED,SCORED,sheltered_with_mrt_lrt_exit_access_connector,sheltered_with_mrt_lrt_exit_access_connector
049835,40.7,40.7,0.0,0.0,0.0,0.0,0.448,0.448,0.0,SCORED,SCORED,sheltered,sheltered
049836,41.2,41.2,0.0,0.0,0.0,0.0,0.179,0.179,0.0,SCORED,SCORED,sheltered,sheltered
049837,41.8,41.8,0.0,0.0,0.0,0.0,0.183,0.183,0.0,SCORED,SCORED,sheltered,sheltered
049838,40.9,40.9,0.0,0.0,0.0,0.0,0.178,0.178,0.0,SCORED,SCORED,sheltered,sheltered
049839,42.5,42.5,0.0,0.0,0.0,0.0,0.187,0.187,0.0,SCORED,SCORED,sheltered,sheltered
049840,41.3,41.3,0.0,0.0,0.0,0.0,0.18,0.18,0.0,SCORED,SCORED,sheltered,sheltered
049841,41.4,41.4,0.0,0.0,0.0,0.0,0.18,0.18,0.0,SCORED,SCORED,sheltered,sheltered
049842,43.6,43.6,0.0,0.0,0.0,0.0,0.193,0.193,0.0,SCORED,SCORED,sheltered,sheltered
049843,43.6,43.6,0.0,0.0,0.0,0.0,0.193,0.193,0.0,SCORED,SCORED,sheltered,sheltered
049844,40.8,40.8,0.0,0.0,0.0,0.0,0.177,0.177,0.0,SCORED,SCORED,sheltered,sheltered
049845,45.1,45.1,0.0,0.0,0.0,0.0,0.203,0.203,0.0,SCORED,SCORED,sheltered,sheltered
049846,45.6,45.6,0.0,0.0,0.0,0.0,0.206,0.206,0.0,SCORED,SCORED,sheltered,sheltered
049847,44.2,44.2,0.0,0.0,0.0,0.0,0.197,0.197,0.0,SCORED,SCORED,sheltered,sheltered
049848,46.0,46.0,0.0,0.0,0.0,0.0,0.209,0.209,0.0,SCORED,SCORED,sheltered,sheltered
049849,47.3,47.3,0.0,0.0,0.0,0.0,0.218,0.218,0.0,SCORED,SCORED,sheltered,sheltered
049850,47.4,47.4,0.0,0.0,0.0,0.0,0.218,0.218,0.0,SCORED,SCORED,sheltered,sheltered
049851,47.4,47.4,0.0,0.0,0.0,0.0,0.218,0.218,0.0,SCORED,SCORED,sheltered,sheltered
049852,68.2,68.2,0.0,100.0,100.0,0.0,0.35,0.35,0.0,SCORED,SCORED,sheltered,sheltered
049853,68.1,68.1,0.0,100.0,100.0,0.0,0.35,0.35,0.0,SCORED,SCORED,sheltered,sheltered
049854,69.1,69.1,0.0,100.0,100.0,0.0,0.359,0.359,0.0,SCORED,SCORED,sheltered,sheltered
049855,69.5,69.5,0.0,100.0,100.0,0.0,0.362,0.362,0.0,SCORED,SCORED,sheltered,sheltered
049856,69.5,69.5,0.0,100.0,100.0,0.0,0.362,0.362,0.0,SCORED,SCORED,sheltered,sheltered
049857,69.7,69.7,0.0,100.0,100.0,0.0,0.364,0.364,0.0,SCORED,SCORED,sheltered,sheltered
049858,46.1,46.1,0.0,0.0,0.0,0.0,0.268,0.268,0.0,SCORED,SCORED,sheltered,sheltered
049859,48.0,48.0,0.0,0.0,0.0,0.0,0.283,0.283,0.0,SCORED,SCORED,sheltered,sheltered
049860,70.9,70.9,0.0,100.0,100.0,0.0,0.375,0.375,0.0,SCORED,SCORED,sheltered,sheltered
049861,70.8,70.8,0.0,100.0,100.0,0.0,0.374,0.374,0.0,SCORED,SCORED,sheltered,sheltered
049862,71.9,71.9,0.0,100.0,100.0,0.0,0.385,0.385,0.0,SCORED,SCORED,sheltered,sheltered
049863,71.8,71.8,0.0,100.0,100.0,0.0,0.384,0.384,0.0,SCORED,SCORED,sheltered,sheltered
049864,73.2,73.2,0.0,100.0,100.0,0.0,0.398,0.398,0.0,SCORED,SCORED,sheltered,sheltered
049865,73.4,73.4,0.0,100.0,100.0,0.0,0.4,0.4,0.0,SCORED,SCORED,sheltered,sheltered
049866,47.7,47.7,0.0,0.0,0.0,0.0,0.28,0.28,0.0,SCORED,SCORED,sheltered,sheltered
049867,74.0,74.0,0.0,100.0,100.0,0.0,0.407,0.407,0.0,SCORED,SCORED,sheltered,sheltered
049868,73.9,73.9,0.0,100.0,100.0,0.0,0.406,0.406,0.0,SCORED,SCORED,sheltered,sheltered
049869,74.2,74.2,0.0,100.0,100.0,0.0,0.408,0.408,0.0,SCORED,SCORED,sheltered,sheltered
049870,73.0,73.0,0.0,100.0,100.0,0.0,0.396,0.396,0.0,SCORED,SCORED,sheltered,sheltered
049871,73.1,73.1,0.0,100.0,100.0,0.0,0.397,0.397,0.0,SCORED,SCORED,sheltered,sheltered
049872,73.0,73.0,0.0,100.0,100.0,0.0,0.396,0.396,0.0,SCORED,SCORED,sheltered,sheltered
049873,47.6,47.6,0.0,0.0,0.0,0.0,0.279,0.279,0.0,SCORED,SCORED,sheltered,sheltered
049907,65.9,65.9,0.0,100.0,100.0,0.0,0.109,0.109,0.0,SCORED,SCORED,sheltered,sheltered
049908,67.0,67.0,0.0,100.0,100.0,0.0,0.13,0.13,0.0,SCORED,SCORED,sheltered,sheltered
049909,69.9,69.9,0.0,100.0,100.0,0.0,0.179,0.179,0.0,SCORED,SCORED,sheltered,sheltered
049910,68.9,68.9,0.0,100.0,100.0,0.0,0.208,0.208,0.0,SCORED,SCORED,sheltered,sheltered
049944,60.0,60.0,0.0,100.0,100.0,0.0,0.0,0.0,0.0,SCORED,SCORED,sheltered,sheltered
049945,60.0,60.0,0.0,100.0,100.0,0.0,0.0,0.0,0.0,SCORED,SCORED,sheltered,sheltered
049946,60.0,60.0,0.0,100.0,100.0,0.0,0.0,0.0,0.0,SCORED,SCORED,sheltered,sheltered
049947,60.0,60.0,0.0,100.0,100.0,0.0,0.0,0.0,0.0,SCORED,SCORED,sheltered,sheltered
049948,60.0,60.0,0.0,100.0,100.0,0.0,0.0,0.0,0.0,SCORED,SCORED,sheltered,sheltered
049949,60.0,60.0,0.0,100.0,100.0,0.0,0.0,0.0,0.0,SCORED,SCORED,sheltered,sheltered
049950,60.0,60.0,0.0,100.0,100.0,0.0,0.0,0.0,0.0,SCORED,SCORED,sheltered,sheltered
049951,60.0,60.0,0.0,100.0,100.0,0.0,0.0,0.0,0.0,SCORED,SCORED,sheltered,sheltered
049952,60.0,60.0,0.0,100.0,100.0,0.0,0.0,0.0,0.0,SCORED,SCORED,sheltered,sheltered
049953,60.0,60.0,0.0,100.0,100.0,0.0,0.0,0.0,0.0,SCORED,SCORED,sheltered,sheltered
049954,60.0,60.0,0.0,100.0,100.0,0.0,0.0,0.0,0.0,SCORED,SCORED,sheltered,sheltered
049955,60.0,60.0,0.0,100.0,100.0,0.0,0.0,0.0,0.0,SCORED,SCORED,sheltered,sheltered
049959,60.0,60.0,0.0,100.0,100.0,0.0,0.0,0.0,0.0,SCORED,SCORED,sheltered,sheltered
049960,60.0,60.0,0.0,100.0,100.0,0.0,0.0,0.0,0.0,SCORED,SCORED,sheltered,sheltered
049961,60.0,60.0,0.0,100.0,100.0,0.0,0.0,0.0,0.0,SCORED,SCORED,sheltered,sheltered
049962,60.0,60.0,0.0,100.0,100.0,0.0,0.0,0.0,0.0,SCORED,SCORED,sheltered,sheltered
049963,60.0,60.0,0.0,100.0,100.0,0.0,0.0,0.0,0.0,SCORED,SCORED,sheltered,sheltered
049964,60.0,60.0,0.0,100.0,100.0,0.0,0.0,0.0,0.0,SCORED,SCORED,sheltered,sheltered
049965,60.0,60.0,0.0,100.0,100.0,0.0,0.0,0.0,0.0,SCORED,SCORED,sheltered,sheltered
050004,90.7,90.7,0.0,100.0,100.0,0.0,0.767,0.767,0.0,SCORED,SCORED,sheltered_with_bus_stop_access_connector,sheltered_with_bus_stop_access_connector
050005,96.8,96.8,0.0,100.0,100.0,0.0,0.919,0.919,0.0,SCORED,SCORED,sheltered,sheltered
050032,40.0,40.0,0.0,0.0,0.0,0.0,0.0,0.0,0.0,SCORED,SCORED,sheltered,sheltered
050033,83.0,83.0,0.0,100.0,100.0,0.0,0.576,0.576,0.0,SCORED,SCORED,sheltered,sheltered
050034,91.6,91.6,0.0,100.0,100.0,0.0,0.789,0.789,0.0,SCORED,SCORED,shortest_due_to_detour,shortest_due_to_detour
050335,93.0,93.0,0.0,100.0,100.0,0.0,0.826,0.826,0.0,SCORED,SCORED,sheltered,sheltered
050336,87.4,87.4,0.0,100.0,100.0,0.0,0.684,0.684,0.0,SCORED,SCORED,sheltered,sheltered
050531,84.5,84.5,0.0,100.0,100.0,0.0,0.655,0.655,0.0,SCORED,SCORED,sheltered,sheltered
050532,79.1,79.1,0.0,100.0,100.0,0.0,0.477,0.477,0.0,SCORED,SCORED,sheltered,sheltered
050533,86.9,86.9,0.0,100.0,100.0,0.0,0.672,0.672,0.0,SCORED,SCORED,sheltered,sheltered
050535,93.3,93.3,0.0,100.0,100.0,0.0,0.857,0.857,0.0,SCORED,SCORED,sheltered,sheltered
050536,93.6,93.6,0.0,100.0,100.0,0.0,0.839,0.839,0.0,SCORED,SCORED,sheltered,sheltered
050538,90.8,90.8,0.0,100.0,100.0,0.0,0.77,0.77,0.0,SCORED,SCORED,sheltered,sheltered
051335,95.5,95.5,0.0,100.0,100.0,0.0,0.888,0.888,0.0,SCORED,SCORED,sheltered,sheltered
051531,86.3,86.3,0.0,100.0,100.0,0.0,0.657,0.657,0.0,SCORED,SCORED,sheltered,sheltered
051533,85.7,85.7,0.0,100.0,100.0,0.0,0.643,0.643,0.0,SCORED,SCORED,sheltered,sheltered
052082,85.0,85.0,0.0,88.5,88.5,0.0,0.683,0.683,0.0,SCORED,SCORED,sheltered,sheltered
052335,96.9,96.9,0.0,100.0,100.0,0.0,0.922,0.922,0.0,SCORED,SCORED,sheltered,sheltered
058267,97.3,97.3,0.0,100.0,100.0,0.0,0.932,0.932,0.0,SCORED,SCORED,sheltered,sheltered
058268,89.0,89.0,0.0,100.0,100.0,0.0,0.768,0.768,0.0,SCORED,SCORED,sheltered,sheltered
058281,91.1,91.1,0.0,100.0,100.0,0.0,0.777,0.777,0.0,SCORED,SCORED,sheltered,sheltered
058282,48.8,48.8,0.0,0.0,0.0,0.0,0.5,0.5,0.0,SCORED,SCORED,sheltered,sheltered
058283,56.1,56.1,0.0,0.0,0.0,0.0,0.605,0.605,0.0,SCORED,SCORED,sheltered,sheltered
058284,76.3,76.3,0.0,100.0,100.0,0.0,0.452,0.452,0.0,SCORED,SCORED,sheltered,sheltered
058285,73.1,73.1,0.0,100.0,100.0,0.0,0.427,0.427,0.0,SCORED,SCORED,sheltered,sheltered
058288,86.9,86.9,0.0,100.0,100.0,0.0,0.765,0.765,0.0,SCORED,SCORED,sheltered,sheltered
058289,80.5,80.5,0.0,100.0,100.0,0.0,0.537,0.537,0.0,SCORED,SCORED,sheltered,sheltered
058326,82.9,82.9,0.0,100.0,100.0,0.0,0.622,0.622,0.0,SCORED,SCORED,sheltered,sheltered
058327,82.2,82.2,0.0,100.0,100.0,0.0,0.605,0.605,0.0,SCORED,SCORED,sheltered,sheltered
058328,81.5,81.5,0.0,100.0,100.0,0.0,0.588,0.588,0.0,SCORED,SCORED,sheltered,sheltered
058329,80.8,80.8,0.0,100.0,100.0,0.0,0.571,0.571,0.0,SCORED,SCORED,sheltered,sheltered
058330,92.1,92.1,0.0,100.0,100.0,0.0,0.829,0.829,0.0,SCORED,SCORED,sheltered,sheltered
058331,92.7,92.7,0.0,100.0,100.0,0.0,0.841,0.841,0.0,SCORED,SCORED,sheltered,sheltered
058332,92.8,92.8,0.0,100.0,100.0,0.0,0.844,0.844,0.0,SCORED,SCORED,sheltered,sheltered
058333,92.7,92.7,0.0,100.0,100.0,0.0,0.843,0.843,0.0,SCORED,SCORED,sheltered,sheltered
058334,92.4,92.4,0.0,100.0,100.0,0.0,0.835,0.835,0.0,SCORED,SCORED,sheltered,sheltered
058335,78.6,78.6,0.0,100.0,100.0,0.0,0.465,0.465,0.0,SCORED,SCORED,sheltered,sheltered
058336,79.2,79.2,0.0,100.0,100.0,0.0,0.479,0.479,0.0,SCORED,SCORED,sheltered,sheltered
058337,94.3,94.3,0.0,100.0,100.0,0.0,0.883,0.883,0.0,SCORED,SCORED,sheltered,sheltered
058338,70.9,70.9,0.0,100.0,100.0,0.0,0.298,0.298,0.0,SCORED,SCORED,sheltered,sheltered
058339,71.1,71.1,0.0,100.0,100.0,0.0,0.302,0.302,0.0,SCORED,SCORED,sheltered,sheltered
058340,71.2,71.2,0.0,100.0,100.0,0.0,0.306,0.306,0.0,SCORED,SCORED,sheltered,sheltered
058341,71.0,71.0,0.0,100.0,100.0,0.0,0.301,0.301,0.0,SCORED,SCORED,sheltered,sheltered
058345,88.3,88.3,0.0,100.0,100.0,0.0,0.708,0.708,0.0,SCORED,SCORED,sheltered,sheltered
058348,86.5,86.5,0.0,100.0,100.0,0.0,0.663,0.663,0.0,SCORED,SCORED,sheltered,sheltered
058353,81.9,81.9,0.0,100.0,100.0,0.0,0.548,0.548,0.0,SCORED,SCORED,sheltered,sheltered
058357,89.7,89.7,0.0,100.0,100.0,0.0,0.743,0.743,0.0,SCORED,SCORED,sheltered,sheltered
058358,70.0,70.0,0.0,100.0,100.0,0.0,0.274,0.274,0.0,SCORED,SCORED,sheltered,sheltered
058359,69.9,69.9,0.0,100.0,100.0,0.0,0.273,0.273,0.0,SCORED,SCORED,sheltered,sheltered
058360,90.7,90.7,0.0,100.0,100.0,0.0,0.767,0.767,0.0,SCORED,SCORED,sheltered,sheltered
058362,79.5,79.5,0.0,100.0,100.0,0.0,0.488,0.488,0.0,SCORED,SCORED,sheltered,sheltered
058400,79.1,79.1,0.0,100.0,100.0,0.0,0.644,0.644,0.0,SCORED,SCORED,sheltered,sheltered
058409,82.7,82.7,0.0,100.0,100.0,0.0,0.689,0.689,0.0,SCORED,SCORED,sheltered,sheltered
058410,82.1,82.1,0.0,100.0,100.0,0.0,0.682,0.682,0.0,SCORED,SCORED,sheltered,sheltered
058411,81.5,81.5,0.0,100.0,100.0,0.0,0.674,0.674,0.0,SCORED,SCORED,sheltered,sheltered
058412,84.3,84.3,0.0,100.0,100.0,0.0,0.711,0.711,0.0,SCORED,SCORED,sheltered,sheltered
058413,87.3,87.3,0.0,100.0,100.0,0.0,0.746,0.746,0.0,SCORED,SCORED,sheltered,sheltered
058414,87.9,87.9,0.0,100.0,100.0,0.0,0.754,0.754,0.0,SCORED,SCORED,sheltered,sheltered
058415,88.5,88.5,0.0,100.0,100.0,0.0,0.762,0.762,0.0,SCORED,SCORED,sheltered,sheltered
058416,84.7,84.7,0.0,100.0,100.0,0.0,0.716,0.716,0.0,SCORED,SCORED,sheltered,sheltered
058455,69.4,69.4,0.0,100.0,100.0,0.0,0.326,0.326,0.0,SCORED,SCORED,sheltered,sheltered
058456,76.9,76.9,0.0,100.0,100.0,0.0,0.422,0.422,0.0,SCORED,SCORED,sheltered,sheltered
058457,69.6,69.6,0.0,100.0,100.0,0.0,0.328,0.328,0.0,SCORED,SCORED,sheltered,sheltered
058459,69.6,69.6,0.0,100.0,100.0,0.0,0.329,0.329,0.0,SCORED,SCORED,sheltered,sheltered
058460,77.9,77.9,0.0,100.0,100.0,0.0,0.447,0.447,0.0,SCORED,SCORED,sheltered,sheltered
058461,69.5,69.5,0.0,100.0,100.0,0.0,0.328,0.328,0.0,SCORED,SCORED,sheltered,sheltered
058462,83.2,83.2,0.0,100.0,100.0,0.0,0.58,0.58,0.0,SCORED,SCORED,sheltered,sheltered
058463,68.4,68.4,0.0,100.0,100.0,0.0,0.318,0.318,0.0,SCORED,SCORED,sheltered,sheltered
058464,83.2,83.2,0.0,100.0,100.0,0.0,0.579,0.579,0.0,SCORED,SCORED,sheltered,sheltered
058465,68.5,68.5,0.0,100.0,100.0,0.0,0.318,0.318,0.0,SCORED,SCORED,sheltered,sheltered
058466,77.8,77.8,0.0,100.0,100.0,0.0,0.445,0.445,0.0,SCORED,SCORED,sheltered,sheltered
058467,67.6,67.6,0.0,100.0,100.0,0.0,0.311,0.311,0.0,SCORED,SCORED,sheltered,sheltered
058468,86.4,86.4,0.0,100.0,100.0,0.0,0.659,0.659,0.0,SCORED,SCORED,sheltered,sheltered
058469,87.4,87.4,0.0,100.0,100.0,0.0,0.685,0.685,0.0,SCORED,SCORED,sheltered,sheltered
058470,86.8,86.8,0.0,100.0,100.0,0.0,0.67,0.67,0.0,SCORED,SCORED,sheltered,sheltered
058471,69.5,69.5,0.0,100.0,100.0,0.0,0.337,0.337,0.0,SCORED,SCORED,sheltered,sheltered
058476,72.7,72.7,0.0,100.0,100.0,0.0,0.44,0.44,0.0,SCORED,SCORED,sheltered,sheltered
058479,87.9,87.9,0.0,100.0,100.0,0.0,0.698,0.698,0.0,SCORED,SCORED,sheltered,sheltered
058556,73.8,73.8,0.0,100.0,100.0,0.0,0.371,0.371,0.0,SCORED,SCORED,sheltered,sheltered
058557,73.6,73.6,0.0,100.0,100.0,0.0,0.364,0.364,0.0,SCORED,SCORED,sheltered,sheltered
058558,73.3,73.3,0.0,100.0,100.0,0.0,0.356,0.356,0.0,SCORED,SCORED,sheltered,sheltered
058559,72.8,72.8,0.0,100.0,100.0,0.0,0.346,0.346,0.0,SCORED,SCORED,sheltered,sheltered
058560,72.6,72.6,0.0,100.0,100.0,0.0,0.341,0.341,0.0,SCORED,SCORED,sheltered,sheltered
058561,72.3,72.3,0.0,100.0,100.0,0.0,0.334,0.334,0.0,SCORED,SCORED,sheltered,sheltered
058562,77.8,77.8,0.0,100.0,100.0,0.0,0.47,0.47,0.0,SCORED,SCORED,sheltered,sheltered
058563,78.1,78.1,0.0,100.0,100.0,0.0,0.477,0.477,0.0,SCORED,SCORED,sheltered,sheltered
058564,78.4,78.4,0.0,100.0,100.0,0.0,0.485,0.485,0.0,SCORED,SCORED,sheltered,sheltered
058565,66.9,66.9,0.0,100.0,100.0,0.0,0.305,0.305,0.0,SCORED,SCORED,sheltered,sheltered
058566,78.8,78.8,0.0,100.0,100.0,0.0,0.494,0.494,0.0,SCORED,SCORED,sheltered,sheltered
058567,66.8,66.8,0.0,100.0,100.0,0.0,0.304,0.304,0.0,SCORED,SCORED,sheltered,sheltered
058568,79.1,79.1,0.0,100.0,100.0,0.0,0.502,0.502,0.0,SCORED,SCORED,sheltered,sheltered
058569,66.9,66.9,0.0,100.0,100.0,0.0,0.315,0.315,0.0,SCORED,SCORED,sheltered,sheltered
058570,66.7,66.7,0.0,100.0,100.0,0.0,0.314,0.314,0.0,SCORED,SCORED,sheltered,sheltered
058571,68.1,68.1,0.0,100.0,100.0,0.0,0.315,0.315,0.0,SCORED,SCORED,sheltered,sheltered
058573,68.6,68.6,0.0,100.0,100.0,0.0,0.319,0.319,0.0,SCORED,SCORED,sheltered,sheltered
058575,69.0,69.0,0.0,100.0,100.0,0.0,0.324,0.324,0.0,SCORED,SCORED,sheltered,sheltered
058577,67.6,67.6,0.0,100.0,100.0,0.0,0.311,0.311,0.0,SCORED,SCORED,sheltered,sheltered
058581,87.2,87.2,0.0,100.0,100.0,0.0,0.681,0.681,0.0,SCORED,SCORED,sheltered,sheltered
058584,88.4,88.4,0.0,100.0,100.0,0.0,0.71,0.71,0.0,SCORED,SCORED,sheltered,sheltered
058586,87.0,87.0,0.0,100.0,100.0,0.0,0.674,0.674,0.0,SCORED,SCORED,sheltered,sheltered
058588,87.0,87.0,0.0,100.0,100.0,0.0,0.676,0.676,0.0,SCORED,SCORED,sheltered,sheltered
058590,85.8,85.8,0.0,100.0,100.0,0.0,0.646,0.646,0.0,SCORED,SCORED,sheltered,sheltered
058591,84.3,84.3,0.0,100.0,100.0,0.0,0.608,0.608,0.0,SCORED,SCORED,sheltered,sheltered
058592,85.3,85.3,0.0,100.0,100.0,0.0,0.631,0.631,0.0,SCORED,SCORED,sheltered,sheltered
058593,83.9,83.9,0.0,100.0,100.0,0.0,0.596,0.596,0.0,SCORED,SCORED,sheltered,sheltered
058594,70.1,70.1,0.0,100.0,100.0,0.0,0.344,0.344,0.0,SCORED,SCORED,sheltered,sheltered
058595,81.1,81.1,0.0,100.0,100.0,0.0,0.526,0.526,0.0,SCORED,SCORED,sheltered,sheltered
058596,83.3,83.3,0.0,100.0,100.0,0.0,0.582,0.582,0.0,SCORED,SCORED,sheltered,sheltered
058597,80.9,80.9,0.0,100.0,100.0,0.0,0.522,0.522,0.0,SCORED,SCORED,sheltered,sheltered
058598,80.5,80.5,0.0,100.0,100.0,0.0,0.512,0.512,0.0,SCORED,SCORED,sheltered,sheltered
058599,85.2,85.2,0.0,100.0,100.0,0.0,0.631,0.631,0.0,SCORED,SCORED,sheltered,sheltered
058600,81.1,81.1,0.0,100.0,100.0,0.0,0.526,0.526,0.0,SCORED,SCORED,sheltered,sheltered
058601,86.0,86.0,0.0,100.0,100.0,0.0,0.65,0.65,0.0,SCORED,SCORED,sheltered,sheltered
058602,81.7,81.7,0.0,100.0,100.0,0.0,0.543,0.543,0.0,SCORED,SCORED,sheltered,sheltered
058603,86.8,86.8,0.0,100.0,100.0,0.0,0.67,0.67,0.0,SCORED,SCORED,sheltered,sheltered
058604,82.0,82.0,0.0,100.0,100.0,0.0,0.551,0.551,0.0,SCORED,SCORED,sheltered,sheltered
058606,82.5,82.5,0.0,100.0,100.0,0.0,0.563,0.563,0.0,SCORED,SCORED,sheltered,sheltered
058607,88.1,88.1,0.0,100.0,100.0,0.0,0.701,0.701,0.0,SCORED,SCORED,sheltered,sheltered
058608,82.9,82.9,0.0,100.0,100.0,0.0,0.573,0.573,0.0,SCORED,SCORED,sheltered,sheltered
058610,83.9,83.9,0.0,100.0,100.0,0.0,0.597,0.597,0.0,SCORED,SCORED,sheltered,sheltered
058611,82.1,82.1,0.0,100.0,100.0,0.0,0.553,0.553,0.0,SCORED,SCORED,sheltered,sheltered
058613,82.1,82.1,0.0,100.0,100.0,0.0,0.553,0.553,0.0,SCORED,SCORED,sheltered,sheltered
058615,76.5,76.5,0.0,100.0,100.0,0.0,0.438,0.438,0.0,SCORED,SCORED,sheltered,sheltered
058617,76.4,76.4,0.0,100.0,100.0,0.0,0.434,0.434,0.0,SCORED,SCORED,sheltered,sheltered
058656,75.5,75.5,0.0,100.0,100.0,0.0,0.423,0.423,0.0,SCORED,SCORED,sheltered,sheltered
058657,75.1,75.1,0.0,100.0,100.0,0.0,0.419,0.419,0.0,SCORED,SCORED,sheltered,sheltered
058658,74.1,74.1,0.0,100.0,100.0,0.0,0.407,0.407,0.0,SCORED,SCORED,sheltered,sheltered
058659,73.7,73.7,0.0,100.0,100.0,0.0,0.403,0.403,0.0,SCORED,SCORED,sheltered,sheltered
058660,77.0,77.0,0.0,100.0,100.0,0.0,0.621,0.621,0.0,SCORED,SCORED,sheltered,sheltered
058661,72.8,72.8,0.0,100.0,100.0,0.0,0.567,0.567,0.0,SCORED,SCORED,sheltered,sheltered
058662,72.8,72.8,0.0,100.0,100.0,0.0,0.567,0.567,0.0,SCORED,SCORED,sheltered,sheltered
058663,72.8,72.8,0.0,100.0,100.0,0.0,0.567,0.567,0.0,SCORED,SCORED,sheltered,sheltered
058664,72.8,72.8,0.0,100.0,100.0,0.0,0.567,0.567,0.0,SCORED,SCORED,sheltered,sheltered
058665,71.0,71.0,0.0,100.0,100.0,0.0,0.549,0.549,0.0,SCORED,SCORED,sheltered,sheltered
058666,79.1,79.1,0.0,100.0,100.0,0.0,0.625,0.625,0.0,SCORED,SCORED,sheltered,sheltered
058667,78.1,78.1,0.0,100.0,100.0,0.0,0.633,0.633,0.0,SCORED,SCORED,sheltered,sheltered
058668,74.5,74.5,0.0,100.0,100.0,0.0,0.572,0.572,0.0,SCORED,SCORED,sheltered,sheltered
058669,79.4,79.4,0.0,100.0,100.0,0.0,0.629,0.629,0.0,SCORED,SCORED,sheltered,sheltered
058670,74.6,74.6,0.0,100.0,100.0,0.0,0.573,0.573,0.0,SCORED,SCORED,sheltered,sheltered
058671,79.5,79.5,0.0,100.0,100.0,0.0,0.63,0.63,0.0,SCORED,SCORED,sheltered,sheltered
058672,74.3,74.3,0.0,100.0,100.0,0.0,0.57,0.57,0.0,SCORED,SCORED,sheltered,sheltered
058673,79.3,79.3,0.0,100.0,100.0,0.0,0.628,0.628,0.0,SCORED,SCORED,sheltered,sheltered
058674,80.1,80.1,0.0,100.0,100.0,0.0,0.646,0.646,0.0,SCORED,SCORED,sheltered,sheltered
058675,79.3,79.3,0.0,100.0,100.0,0.0,0.628,0.628,0.0,SCORED,SCORED,sheltered,sheltered
058676,83.2,83.2,0.0,100.0,100.0,0.0,0.682,0.682,0.0,SCORED,SCORED,sheltered,sheltered
058677,78.8,78.8,0.0,100.0,100.0,0.0,0.622,0.622,0.0,SCORED,SCORED,sheltered,sheltered
058678,78.4,78.4,0.0,100.0,100.0,0.0,0.619,0.619,0.0,SCORED,SCORED,sheltered,sheltered
058679,81.6,81.6,0.0,100.0,100.0,0.0,0.662,0.662,0.0,SCORED,SCORED,sheltered,sheltered
058680,78.0,78.0,0.0,100.0,100.0,0.0,0.614,0.614,0.0,SCORED,SCORED,sheltered,sheltered
058681,50.3,70.3,20.0,0.0,100.0,100.0,0.294,0.294,0.0,SCORED,SCORED,sheltered,sheltered
058682,79.9,79.9,0.0,100.0,100.0,0.0,0.643,0.643,0.0,SCORED,SCORED,sheltered,sheltered
058683,50.7,70.7,20.0,0.0,100.0,100.0,0.297,0.297,0.0,SCORED,SCORED,sheltered,sheltered
058684,51.0,71.0,20.0,0.0,100.0,100.0,0.3,0.3,0.0,SCORED,SCORED,sheltered,sheltered
058685,76.4,76.4,0.0,100.0,100.0,0.0,0.474,0.474,0.0,SCORED,SCORED,sheltered,sheltered
058686,51.1,71.1,20.0,0.0,100.0,100.0,0.302,0.302,0.0,SCORED,SCORED,sheltered,sheltered
058688,51.2,71.2,20.0,0.0,100.0,100.0,0.304,0.304,0.0,SCORED,SCORED,sheltered,sheltered
058689,76.9,76.9,0.0,100.0,100.0,0.0,0.48,0.48,0.0,SCORED,SCORED,sheltered,sheltered
058690,76.9,76.9,0.0,100.0,100.0,0.0,0.479,0.479,0.0,SCORED,SCORED,sheltered,sheltered
058692,76.6,76.6,0.0,100.0,100.0,0.0,0.476,0.476,0.0,SCORED,SCORED,sheltered,sheltered
058693,51.0,71.0,20.0,0.0,100.0,100.0,0.301,0.301,0.0,SCORED,SCORED,sheltered,sheltered
058694,76.2,76.2,0.0,100.0,100.0,0.0,0.472,0.472,0.0,SCORED,SCORED,sheltered,sheltered
058695,70.9,70.9,0.0,100.0,100.0,0.0,0.299,0.299,0.0,SCORED,SCORED,sheltered,sheltered
058697,68.3,68.3,0.0,100.0,100.0,0.0,0.277,0.277,0.0,SCORED,SCORED,sheltered,sheltered
058698,71.1,71.1,0.0,100.0,100.0,0.0,0.303,0.303,0.0,SCORED,SCORED,sheltered,sheltered
058699,68.3,68.3,0.0,100.0,100.0,0.0,0.277,0.277,0.0,SCORED,SCORED,sheltered,sheltered
058700,71.2,71.2,0.0,100.0,100.0,0.0,0.304,0.304,0.0,SCORED,SCORED,sheltered,sheltered
058701,68.3,68.3,0.0,100.0,100.0,0.0,0.277,0.277,0.0,SCORED,SCORED,sheltered,sheltered
058702,71.0,71.0,0.0,100.0,100.0,0.0,0.301,0.301,0.0,SCORED,SCORED,sheltered,sheltered
058703,68.4,68.4,0.0,100.0,100.0,0.0,0.278,0.278,0.0,SCORED,SCORED,sheltered,sheltered
058704,69.3,69.3,0.0,100.0,100.0,0.0,0.285,0.285,0.0,SCORED,SCORED,sheltered,sheltered
058705,68.4,68.4,0.0,100.0,100.0,0.0,0.277,0.277,0.0,SCORED,SCORED,sheltered,sheltered
058706,71.2,71.2,0.0,100.0,100.0,0.0,0.306,0.306,0.0,SCORED,SCORED,sheltered,sheltered
058707,68.2,68.2,0.0,100.0,100.0,0.0,0.276,0.276,0.0,SCORED,SCORED,sheltered,sheltered
058708,68.5,68.5,0.0,100.0,100.0,0.0,0.279,0.279,0.0,SCORED,SCORED,sheltered,sheltered
058709,67.9,67.9,0.0,100.0,100.0,0.0,0.274,0.274,0.0,SCORED,SCORED,sheltered,sheltered
058710,69.7,69.7,0.0,100.0,100.0,0.0,0.288,0.288,0.0,SCORED,SCORED,sheltered,sheltered
058711,68.4,68.4,0.0,100.0,100.0,0.0,0.401,0.401,0.0,SCORED,SCORED,sheltered,sheltered
058712,69.8,69.8,0.0,100.0,100.0,0.0,0.289,0.289,0.0,SCORED,SCORED,sheltered,sheltered
058714,69.6,69.6,0.0,100.0,100.0,0.0,0.288,0.288,0.0,SCORED,SCORED,sheltered,sheltered
058716,73.8,73.8,0.0,100.0,100.0,0.0,0.405,0.405,0.0,SCORED,SCORED,sheltered,sheltered
058727,76.4,76.4,0.0,100.0,100.0,0.0,0.545,0.545,0.0,SCORED,SCORED,sheltered,sheltered
058743,84.2,84.2,0.0,100.0,100.0,0.0,0.635,0.635,0.0,SCORED,SCORED,sheltered,sheltered
058747,82.1,82.1,0.0,100.0,100.0,0.0,0.603,0.603,0.0,SCORED,SCORED,sheltered,sheltered
058748,82.8,82.8,0.0,100.0,100.0,0.0,0.646,0.646,0.0,SCORED,SCORED,sheltered,sheltered
058749,81.9,81.9,0.0,100.0,100.0,0.0,0.598,0.598,0.0,SCORED,SCORED,sheltered,sheltered
058750,82.5,82.5,0.0,100.0,100.0,0.0,0.637,0.637,0.0,SCORED,SCORED,sheltered,sheltered
058751,79.8,79.8,0.0,100.0,100.0,0.0,0.545,0.545,0.0,SCORED,SCORED,sheltered,sheltered
058752,82.1,82.1,0.0,100.0,100.0,0.0,0.627,0.627,0.0,SCORED,SCORED,sheltered,sheltered
058753,79.9,79.9,0.0,100.0,100.0,0.0,0.548,0.548,0.0,SCORED,SCORED,sheltered,sheltered
058754,77.4,77.4,0.0,100.0,100.0,0.0,0.509,0.509,0.0,SCORED,SCORED,sheltered,sheltered
058756,77.7,77.7,0.0,100.0,100.0,0.0,0.517,0.517,0.0,SCORED,SCORED,sheltered,sheltered
058757,79.8,79.8,0.0,100.0,100.0,0.0,0.545,0.545,0.0,SCORED,SCORED,sheltered,sheltered
058758,77.7,77.7,0.0,100.0,100.0,0.0,0.519,0.519,0.0,SCORED,SCORED,sheltered,sheltered
058759,79.8,79.8,0.0,100.0,100.0,0.0,0.545,0.545,0.0,SCORED,SCORED,sheltered,sheltered
058760,78.4,78.4,0.0,100.0,100.0,0.0,0.535,0.535,0.0,SCORED,SCORED,sheltered,sheltered
058762,79.1,79.1,0.0,100.0,100.0,0.0,0.529,0.529,0.0,SCORED,SCORED,sheltered,sheltered
058763,78.3,78.3,0.0,100.0,100.0,0.0,0.533,0.533,0.0,SCORED,SCORED,sheltered,sheltered
058764,79.0,79.0,0.0,100.0,100.0,0.0,0.526,0.526,0.0,SCORED,SCORED,sheltered,sheltered
058766,74.1,74.1,0.0,100.0,100.0,0.0,0.427,0.427,0.0,SCORED,SCORED,sheltered,sheltered
058767,76.5,76.5,0.0,100.0,100.0,0.0,0.462,0.462,0.0,SCORED,SCORED,sheltered,sheltered
058768,74.2,74.2,0.0,100.0,100.0,0.0,0.431,0.431,0.0,SCORED,SCORED,sheltered,sheltered
058770,74.4,74.4,0.0,100.0,100.0,0.0,0.435,0.435,0.0,SCORED,SCORED,sheltered,sheltered
058772,74.5,74.5,0.0,100.0,100.0,0.0,0.437,0.437,0.0,SCORED,SCORED,sheltered,sheltered
058774,74.7,74.7,0.0,100.0,100.0,0.0,0.442,0.442,0.0,SCORED,SCORED,sheltered,sheltered
058775,74.4,74.4,0.0,100.0,100.0,0.0,0.435,0.435,0.0,SCORED,SCORED,sheltered,sheltered
058776,75.1,75.1,0.0,100.0,100.0,0.0,0.452,0.452,0.0,SCORED,SCORED,sheltered,sheltered
058777,74.4,74.4,0.0,100.0,100.0,0.0,0.434,0.434,0.0,SCORED,SCORED,sheltered,sheltered
058778,73.3,73.3,0.0,100.0,100.0,0.0,0.407,0.407,0.0,SCORED,SCORED,sheltered,sheltered
058779,72.4,72.4,0.0,100.0,100.0,0.0,0.386,0.386,0.0,SCORED,SCORED,sheltered,sheltered
058780,73.2,73.2,0.0,100.0,100.0,0.0,0.405,0.405,0.0,SCORED,SCORED,sheltered,sheltered
058781,72.5,72.5,0.0,100.0,100.0,0.0,0.388,0.388,0.0,SCORED,SCORED,sheltered,sheltered
058782,71.0,71.0,0.0,100.0,100.0,0.0,0.366,0.366,0.0,SCORED,SCORED,sheltered,sheltered
058784,70.9,70.9,0.0,100.0,100.0,0.0,0.365,0.365,0.0,SCORED,SCORED,sheltered,sheltered
058786,70.7,70.7,0.0,100.0,100.0,0.0,0.364,0.364,0.0,SCORED,SCORED,sheltered,sheltered
058788,70.5,70.5,0.0,100.0,100.0,0.0,0.362,0.362,0.0,SCORED,SCORED,sheltered,sheltered
058790,67.8,67.8,0.0,100.0,100.0,0.0,0.337,0.337,0.0,SCORED,SCORED,sheltered,sheltered
058791,72.5,72.5,0.0,100.0,100.0,0.0,0.387,0.387,0.0,SCORED,SCORED,sheltered,sheltered
058792,71.2,71.2,0.0,100.0,100.0,0.0,0.369,0.369,0.0,SCORED,SCORED,sheltered,sheltered
058793,71.7,71.7,0.0,100.0,100.0,0.0,0.374,0.374,0.0,SCORED,SCORED,sheltered,sheltered
058794,68.1,68.1,0.0,100.0,100.0,0.0,0.34,0.34,0.0,SCORED,SCORED,sheltered,sheltered
058796,65.6,65.6,0.0,100.0,100.0,0.0,0.14,0.14,0.0,SCORED,SCORED,sheltered,sheltered
058798,65.8,65.8,0.0,100.0,100.0,0.0,0.17,0.17,0.0,SCORED,SCORED,sheltered,sheltered
058800,66.3,66.8,0.5,97.4,100.0,2.6,0.195,0.195,0.0,SCORED,SCORED,sheltered,sheltered
058801,73.5,73.5,0.0,100.0,100.0,0.0,0.362,0.362,0.0,SCORED,SCORED,sheltered,sheltered
058803,66.7,66.7,0.0,100.0,100.0,0.0,0.193,0.193,0.0,SCORED,SCORED,sheltered,sheltered
058804,66.4,66.9,0.5,97.4,100.0,2.6,0.198,0.198,0.0,SCORED,SCORED,sheltered,sheltered
058805,74.6,74.6,0.0,100.0,100.0,0.0,0.389,0.389,0.0,SCORED,SCORED,sheltered,sheltered
058806,66.8,67.3,0.5,97.4,100.0,2.6,0.209,0.209,0.0,SCORED,SCORED,sheltered,sheltered
058807,74.7,74.7,0.0,100.0,100.0,0.0,0.394,0.394,0.0,SCORED,SCORED,sheltered,sheltered
058808,66.9,67.5,0.6,97.4,100.0,2.6,0.212,0.212,0.0,SCORED,SCORED,sheltered,sheltered
058809,68.9,68.9,0.0,100.0,100.0,0.0,0.248,0.248,0.0,SCORED,SCORED,sheltered,sheltered
058810,66.4,67.0,0.6,97.4,100.0,2.6,0.199,0.199,0.0,SCORED,SCORED,sheltered,sheltered
058811,69.1,69.1,0.0,100.0,100.0,0.0,0.253,0.253,0.0,SCORED,SCORED,sheltered,sheltered
058812,67.1,67.1,0.0,100.0,100.0,0.0,0.178,0.178,0.0,SCORED,SCORED,sheltered,sheltered
058813,73.4,73.4,0.0,100.0,100.0,0.0,0.359,0.359,0.0,SCORED,SCORED,sheltered,sheltered
058814,67.2,67.2,0.0,100.0,100.0,0.0,0.18,0.18,0.0,SCORED,SCORED,sheltered,sheltered
058815,73.8,73.8,0.0,100.0,100.0,0.0,0.369,0.369,0.0,SCORED,SCORED,sheltered,sheltered
058816,67.1,67.1,0.0,100.0,100.0,0.0,0.178,0.178,0.0,SCORED,SCORED,sheltered,sheltered
058817,74.0,74.0,0.0,100.0,100.0,0.0,0.375,0.375,0.0,SCORED,SCORED,sheltered,sheltered
058818,68.7,68.7,0.0,100.0,100.0,0.0,0.243,0.243,0.0,SCORED,SCORED,sheltered,sheltered
058819,73.3,73.3,0.0,100.0,100.0,0.0,0.332,0.332,0.0,SCORED,SCORED,sheltered,sheltered
058820,68.9,68.9,0.0,100.0,100.0,0.0,0.247,0.247,0.0,SCORED,SCORED,sheltered,sheltered
058821,73.4,73.4,0.0,100.0,100.0,0.0,0.334,0.334,0.0,SCORED,SCORED,sheltered,sheltered
058822,69.6,69.6,0.0,100.0,100.0,0.0,0.264,0.264,0.0,SCORED,SCORED,sheltered,sheltered
058823,73.4,73.4,0.0,100.0,100.0,0.0,0.336,0.336,0.0,SCORED,SCORED,sheltered,sheltered
058824,68.5,68.5,0.0,100.0,100.0,0.0,0.212,0.212,0.0,SCORED,SCORED,sheltered,sheltered
058825,73.4,73.4,0.0,100.0,100.0,0.0,0.336,0.336,0.0,SCORED,SCORED,sheltered,sheltered
058826,68.5,68.5,0.0,100.0,100.0,0.0,0.213,0.213,0.0,SCORED,SCORED,sheltered,sheltered
058827,73.4,73.4,0.0,100.0,100.0,0.0,0.334,0.334,0.0,SCORED,SCORED,sheltered,sheltered
058828,70.9,70.9,0.0,100.0,100.0,0.0,0.298,0.298,0.0,SCORED,SCORED,sheltered,sheltered
058829,74.2,74.2,0.0,100.0,100.0,0.0,0.355,0.355,0.0,SCORED,SCORED,sheltered,sheltered
058830,72.0,72.0,0.0,100.0,100.0,0.0,0.301,0.301,0.0,SCORED,SCORED,sheltered,sheltered
058831,74.8,74.8,0.0,100.0,100.0,0.0,0.371,0.371,0.0,SCORED,SCORED,sheltered,sheltered
058832,69.4,69.4,0.0,100.0,100.0,0.0,0.235,0.235,0.0,SCORED,SCORED,sheltered,sheltered
058833,72.3,72.3,0.0,100.0,100.0,0.0,0.307,0.307,0.0,SCORED,SCORED,sheltered,sheltered
058834,70.6,70.6,0.0,100.0,100.0,0.0,0.265,0.265,0.0,SCORED,SCORED,sheltered,sheltered
058835,70.7,70.7,0.0,100.0,100.0,0.0,0.266,0.266,0.0,SCORED,SCORED,sheltered,sheltered
058836,70.6,70.6,0.0,100.0,100.0,0.0,0.266,0.266,0.0,SCORED,SCORED,sheltered,sheltered
058837,78.5,78.5,0.0,100.0,100.0,0.0,0.464,0.464,0.0,SCORED,SCORED,sheltered,sheltered
058838,78.7,78.7,0.0,100.0,100.0,0.0,0.468,0.468,0.0,SCORED,SCORED,sheltered,sheltered
058839,81.4,81.4,0.0,100.0,100.0,0.0,0.536,0.536,0.0,SCORED,SCORED,sheltered,sheltered
058840,69.1,69.1,0.0,100.0,100.0,0.0,0.226,0.226,0.0,SCORED,SCORED,sheltered,sheltered
058841,66.3,67.0,0.7,100.0,100.0,0.0,0.208,0.25,0.042,SCORED,SCORED,sheltered,sheltered
058917,76.9,76.9,0.0,100.0,100.0,0.0,0.449,0.449,0.0,SCORED,SCORED,sheltered,sheltered
058918,77.3,77.3,0.0,100.0,100.0,0.0,0.457,0.457,0.0,SCORED,SCORED,sheltered,sheltered
058919,73.4,73.4,0.0,100.0,100.0,0.0,0.336,0.336,0.0,SCORED,SCORED,sheltered,sheltered
058921,73.3,73.3,0.0,100.0,100.0,0.0,0.334,0.334,0.0,SCORED,SCORED,sheltered,sheltered
058922,77.8,77.8,0.0,100.0,100.0,0.0,0.471,0.471,0.0,SCORED,SCORED,sheltered,sheltered
058923,83.2,83.2,0.0,100.0,100.0,0.0,0.579,0.579,0.0,SCORED,SCORED,sheltered,sheltered
058925,83.1,83.1,0.0,100.0,100.0,0.0,0.578,0.578,0.0,SCORED,SCORED,sheltered,sheltered
058926,83.6,83.6,0.0,100.0,100.0,0.0,0.59,0.59,0.0,SCORED,SCORED,sheltered,sheltered
058927,83.0,83.0,0.0,100.0,100.0,0.0,0.576,0.576,0.0,SCORED,SCORED,sheltered,sheltered
058928,83.5,83.5,0.0,100.0,100.0,0.0,0.588,0.588,0.0,SCORED,SCORED,sheltered,sheltered
058929,82.8,82.8,0.0,100.0,100.0,0.0,0.57,0.57,0.0,SCORED,SCORED,sheltered,sheltered
058930,83.3,83.3,0.0,100.0,100.0,0.0,0.583,0.583,0.0,SCORED,SCORED,sheltered,sheltered
058931,82.4,82.4,0.0,100.0,100.0,0.0,0.566,0.566,0.0,SCORED,SCORED,sheltered,sheltered
058932,82.8,82.8,0.0,100.0,100.0,0.0,0.571,0.571,0.0,SCORED,SCORED,sheltered,sheltered
058933,82.4,82.4,0.0,100.0,100.0,0.0,0.566,0.566,0.0,SCORED,SCORED,sheltered,sheltered
058934,82.4,82.4,0.0,100.0,100.0,0.0,0.566,0.566,0.0,SCORED,SCORED,sheltered,sheltered
058935,93.9,93.9,0.0,100.0,100.0,0.0,0.847,0.847,0.0,SCORED,SCORED,sheltered,sheltered
058936,79.7,79.7,0.0,100.0,100.0,0.0,0.517,0.517,0.0,SCORED,SCORED,sheltered,sheltered
058937,94.6,94.6,0.0,100.0,100.0,0.0,0.864,0.864,0.0,SCORED,SCORED,sheltered,sheltered
058938,94.3,94.3,0.0,100.0,100.0,0.0,0.857,0.857,0.0,SCORED,SCORED,sheltered,sheltered
058939,94.8,94.8,0.0,100.0,100.0,0.0,0.869,0.869,0.0,SCORED,SCORED,sheltered,sheltered
058940,80.4,80.4,0.0,100.0,100.0,0.0,0.535,0.535,0.0,SCORED,SCORED,sheltered,sheltered
058941,75.8,75.8,0.0,100.0,100.0,0.0,0.395,0.395,0.0,SCORED,SCORED,sheltered,sheltered
058942,80.8,80.8,0.0,100.0,100.0,0.0,0.544,0.544,0.0,SCORED,SCORED,sheltered,sheltered
058943,75.9,75.9,0.0,100.0,100.0,0.0,0.398,0.398,0.0,SCORED,SCORED,sheltered,sheltered
058944,81.0,81.0,0.0,100.0,100.0,0.0,0.55,0.55,0.0,SCORED,SCORED,sheltered,sheltered
058945,82.9,82.9,0.0,100.0,100.0,0.0,0.574,0.574,0.0,SCORED,SCORED,sheltered,sheltered
058946,75.9,75.9,0.0,100.0,100.0,0.0,0.399,0.399,0.0,SCORED,SCORED,sheltered,sheltered
058948,75.9,75.9,0.0,100.0,100.0,0.0,0.398,0.398,0.0,SCORED,SCORED,sheltered,sheltered
058950,95.5,95.5,0.0,100.0,100.0,0.0,0.887,0.887,0.0,SCORED,SCORED,sheltered,sheltered
058954,95.7,95.7,0.0,100.0,100.0,0.0,0.893,0.893,0.0,SCORED,SCORED,sheltered,sheltered
058955,94.0,94.0,0.0,100.0,100.0,0.0,0.85,0.85,0.0,SCORED,SCORED,sheltered,sheltered
058956,93.5,93.5,0.0,100.0,100.0,0.0,0.837,0.837,0.0,SCORED,SCORED,sheltered,sheltered
058957,93.1,93.1,0.0,100.0,100.0,0.0,0.827,0.827,0.0,SCORED,SCORED,sheltered,sheltered
058958,93.6,93.6,0.0,100.0,100.0,0.0,0.839,0.839,0.0,SCORED,SCORED,sheltered,sheltered
058959,90.7,90.7,0.0,100.0,100.0,0.0,0.767,0.767,0.0,SCORED,SCORED,sheltered,sheltered
058960,87.3,87.3,0.0,100.0,100.0,0.0,0.682,0.682,0.0,SCORED,SCORED,sheltered,sheltered
058961,89.4,89.4,0.0,100.0,100.0,0.0,0.734,0.734,0.0,SCORED,SCORED,sheltered,sheltered
058962,89.2,89.2,0.0,100.0,100.0,0.0,0.729,0.729,0.0,SCORED,SCORED,sheltered,sheltered
058963,89.3,89.3,0.0,100.0,100.0,0.0,0.733,0.733,0.0,SCORED,SCORED,sheltered,sheltered
058964,89.0,89.0,0.0,100.0,100.0,0.0,0.725,0.725,0.0,SCORED,SCORED,sheltered,sheltered
058965,88.4,88.4,0.0,100.0,100.0,0.0,0.71,0.71,0.0,SCORED,SCORED,sheltered,sheltered
058966,86.7,86.7,0.0,100.0,100.0,0.0,0.668,0.668,0.0,SCORED,SCORED,sheltered,sheltered
058967,78.7,78.7,0.0,100.0,100.0,0.0,0.468,0.468,0.0,SCORED,SCORED,sheltered,sheltered
058968,78.0,78.0,0.0,100.0,100.0,0.0,0.45,0.45,0.0,SCORED,SCORED,sheltered,sheltered
058969,74.7,74.7,0.0,100.0,100.0,0.0,0.393,0.393,0.0,SCORED,SCORED,sheltered,sheltered
058971,75.5,75.5,0.0,100.0,100.0,0.0,0.412,0.412,0.0,SCORED,SCORED,sheltered,sheltered
058972,74.7,74.7,0.0,100.0,100.0,0.0,0.392,0.392,0.0,SCORED,SCORED,sheltered,sheltered
059011,74.6,74.6,0.0,100.0,100.0,0.0,0.365,0.365,0.0,SCORED,SCORED,sheltered,sheltered
059012,73.3,73.3,0.0,100.0,100.0,0.0,0.333,0.333,0.0,SCORED,SCORED,sheltered,sheltered
059013,73.2,73.2,0.0,100.0,100.0,0.0,0.329,0.329,0.0,SCORED,SCORED,sheltered,sheltered
059014,73.0,73.0,0.0,100.0,100.0,0.0,0.326,0.326,0.0,SCORED,SCORED,sheltered,sheltered
059015,72.9,72.9,0.0,100.0,100.0,0.0,0.322,0.322,0.0,SCORED,SCORED,sheltered,sheltered
059016,72.7,72.7,0.0,100.0,100.0,0.0,0.317,0.317,0.0,SCORED,SCORED,sheltered,sheltered
059017,76.8,76.8,0.0,100.0,100.0,0.0,0.42,0.42,0.0,SCORED,SCORED,sheltered,sheltered
059018,77.1,77.1,0.0,100.0,100.0,0.0,0.427,0.427,0.0,SCORED,SCORED,sheltered,sheltered
059019,77.3,77.3,0.0,100.0,100.0,0.0,0.433,0.433,0.0,SCORED,SCORED,sheltered,sheltered
059020,77.5,77.5,0.0,100.0,100.0,0.0,0.438,0.438,0.0,SCORED,SCORED,sheltered,sheltered
059021,77.7,77.7,0.0,100.0,100.0,0.0,0.442,0.442,0.0,SCORED,SCORED,sheltered,sheltered
059022,77.8,77.8,0.0,100.0,100.0,0.0,0.444,0.444,0.0,SCORED,SCORED,sheltered,sheltered
059024,91.9,91.9,0.0,100.0,100.0,0.0,0.797,0.797,0.0,SCORED,SCORED,sheltered,sheltered
059025,92.3,92.3,0.0,100.0,100.0,0.0,0.807,0.807,0.0,SCORED,SCORED,sheltered,sheltered
059026,77.8,77.8,0.0,100.0,100.0,0.0,0.444,0.444,0.0,SCORED,SCORED,sheltered,sheltered
059027,91.9,91.9,0.0,100.0,100.0,0.0,0.799,0.799,0.0,SCORED,SCORED,sheltered,sheltered
059028,95.0,95.0,0.0,100.0,100.0,0.0,0.874,0.874,0.0,SCORED,SCORED,sheltered,sheltered
059029,95.7,95.7,0.0,100.0,100.0,0.0,0.891,0.891,0.0,SCORED,SCORED,sheltered,sheltered
059108,58.6,78.6,20.0,0.0,100.0,100.0,0.464,0.464,0.0,SCORED,SCORED,sheltered,sheltered
059186,70.7,70.7,0.0,100.0,100.0,0.0,0.338,0.338,0.0,SCORED,SCORED,sheltered,sheltered
059187,71.2,71.2,0.0,100.0,100.0,0.0,0.343,0.343,0.0,SCORED,SCORED,sheltered,sheltered
059188,74.9,74.9,0.0,100.0,100.0,0.0,0.373,0.373,0.0,SCORED,SCORED,sheltered,sheltered
059189,74.9,74.9,0.0,100.0,100.0,0.0,0.372,0.372,0.0,SCORED,SCORED,sheltered,sheltered
059190,66.9,66.9,0.0,100.0,100.0,0.0,0.305,0.305,0.0,SCORED,SCORED,sheltered,sheltered
059191,75.5,75.5,0.0,100.0,100.0,0.0,0.389,0.389,0.0,SCORED,SCORED,sheltered,sheltered
059192,66.8,66.8,0.0,100.0,100.0,0.0,0.304,0.304,0.0,SCORED,SCORED,sheltered,sheltered
059193,74.7,74.7,0.0,100.0,100.0,0.0,0.368,0.368,0.0,SCORED,SCORED,sheltered,sheltered
059194,66.5,66.5,0.0,100.0,100.0,0.0,0.302,0.302,0.0,SCORED,SCORED,sheltered,sheltered
059195,71.6,71.6,0.0,100.0,100.0,0.0,0.347,0.347,0.0,SCORED,SCORED,sheltered,sheltered
059196,69.0,69.0,0.0,100.0,100.0,0.0,0.323,0.323,0.0,SCORED,SCORED,sheltered,sheltered
059197,76.5,76.5,0.0,100.0,100.0,0.0,0.412,0.412,0.0,SCORED,SCORED,sheltered,sheltered
059198,69.3,69.3,0.0,100.0,100.0,0.0,0.326,0.326,0.0,SCORED,SCORED,sheltered,sheltered
059199,76.6,76.6,0.0,100.0,100.0,0.0,0.416,0.416,0.0,SCORED,SCORED,sheltered,sheltered
059200,69.5,69.5,0.0,100.0,100.0,0.0,0.328,0.328,0.0,SCORED,SCORED,sheltered,sheltered
059201,76.7,76.7,0.0,100.0,100.0,0.0,0.417,0.417,0.0,SCORED,SCORED,sheltered,sheltered
059203,77.1,77.1,0.0,100.0,100.0,0.0,0.428,0.428,0.0,SCORED,SCORED,sheltered,sheltered
059204,75.0,75.0,0.0,100.0,100.0,0.0,0.375,0.375,0.0,SCORED,SCORED,sheltered,sheltered
059205,78.2,78.2,0.0,100.0,100.0,0.0,0.455,0.455,0.0,SCORED,SCORED,sheltered,sheltered
059206,74.8,74.8,0.0,100.0,100.0,0.0,0.37,0.37,0.0,SCORED,SCORED,sheltered,sheltered
059207,77.2,77.2,0.0,100.0,100.0,0.0,0.429,0.429,0.0,SCORED,SCORED,sheltered,sheltered
059208,76.3,76.3,0.0,100.0,100.0,0.0,0.408,0.408,0.0,SCORED,SCORED,sheltered,sheltered
059209,78.8,78.8,0.0,100.0,100.0,0.0,0.471,0.471,0.0,SCORED,SCORED,sheltered,sheltered
059210,76.7,76.7,0.0,100.0,100.0,0.0,0.416,0.416,0.0,SCORED,SCORED,sheltered,sheltered
059211,79.1,79.1,0.0,100.0,100.0,0.0,0.479,0.479,0.0,SCORED,SCORED,sheltered,sheltered
059213,78.8,78.8,0.0,100.0,100.0,0.0,0.469,0.469,0.0,SCORED,SCORED,sheltered,sheltered
059214,83.2,83.2,0.0,100.0,100.0,0.0,0.579,0.579,0.0,SCORED,SCORED,sheltered,sheltered
059215,80.1,80.1,0.0,100.0,100.0,0.0,0.502,0.502,0.0,SCORED,SCORED,sheltered,sheltered
059216,77.8,77.8,0.0,100.0,100.0,0.0,0.445,0.445,0.0,SCORED,SCORED,sheltered,sheltered
059217,80.1,80.1,0.0,100.0,100.0,0.0,0.503,0.503,0.0,SCORED,SCORED,sheltered,sheltered
059218,77.5,77.5,0.0,100.0,100.0,0.0,0.438,0.438,0.0,SCORED,SCORED,sheltered,sheltered
059219,80.0,80.0,0.0,100.0,100.0,0.0,0.499,0.499,0.0,SCORED,SCORED,sheltered,sheltered
059220,80.0,80.0,0.0,100.0,100.0,0.0,0.499,0.499,0.0,SCORED,SCORED,sheltered,sheltered
059221,79.7,79.7,0.0,100.0,100.0,0.0,0.492,0.492,0.0,SCORED,SCORED,sheltered,sheltered
059222,79.7,79.7,0.0,100.0,100.0,0.0,0.493,0.493,0.0,SCORED,SCORED,sheltered,sheltered
059223,83.6,83.6,0.0,100.0,100.0,0.0,0.59,0.59,0.0,SCORED,SCORED,sheltered,sheltered
059224,83.5,83.5,0.0,100.0,100.0,0.0,0.587,0.587,0.0,SCORED,SCORED,sheltered,sheltered
059225,83.9,83.9,0.0,100.0,100.0,0.0,0.597,0.597,0.0,SCORED,SCORED,sheltered,sheltered
059226,83.7,83.7,0.0,100.0,100.0,0.0,0.593,0.593,0.0,SCORED,SCORED,sheltered,sheltered
059227,83.9,83.9,0.0,100.0,100.0,0.0,0.598,0.598,0.0,SCORED,SCORED,sheltered,sheltered
059228,85.5,85.5,0.0,100.0,100.0,0.0,0.637,0.637,0.0,SCORED,SCORED,sheltered,sheltered
059229,83.8,83.8,0.0,100.0,100.0,0.0,0.594,0.594,0.0,SCORED,SCORED,sheltered,sheltered
059230,83.6,83.6,0.0,100.0,100.0,0.0,0.589,0.589,0.0,SCORED,SCORED,sheltered,sheltered
059231,83.4,83.4,0.0,100.0,100.0,0.0,0.586,0.586,0.0,SCORED,SCORED,sheltered,sheltered
059232,83.3,83.3,0.0,100.0,100.0,0.0,0.583,0.583,0.0,SCORED,SCORED,sheltered,sheltered
059233,83.0,83.0,0.0,100.0,100.0,0.0,0.574,0.574,0.0,SCORED,SCORED,sheltered,sheltered
059234,83.9,83.9,0.0,100.0,100.0,0.0,0.598,0.598,0.0,SCORED,SCORED,sheltered,sheltered
059235,90.7,90.7,0.0,100.0,100.0,0.0,0.768,0.768,0.0,SCORED,SCORED,sheltered,sheltered
059236,90.5,90.5,0.0,100.0,100.0,0.0,0.763,0.763,0.0,SCORED,SCORED,sheltered,sheltered
059237,91.9,91.9,0.0,100.0,100.0,0.0,0.798,0.798,0.0,SCORED,SCORED,sheltered,sheltered
059238,92.2,92.2,0.0,100.0,100.0,0.0,0.806,0.806,0.0,SCORED,SCORED,sheltered,sheltered
059239,96.3,96.3,0.0,100.0,100.0,0.0,0.908,0.908,0.0,SCORED,SCORED,sheltered,sheltered
059240,93.1,93.1,0.0,100.0,100.0,0.0,0.829,0.829,0.0,SCORED,SCORED,sheltered,sheltered
059241,94.6,94.6,0.0,100.0,100.0,0.0,0.864,0.864,0.0,SCORED,SCORED,sheltered,sheltered
059242,94.3,94.3,0.0,100.0,100.0,0.0,0.858,0.858,0.0,SCORED,SCORED,sheltered,sheltered
059243,94.8,94.8,0.0,100.0,100.0,0.0,0.869,0.869,0.0,SCORED,SCORED,sheltered,sheltered
059282,71.9,71.9,0.0,100.0,100.0,0.0,0.452,0.452,0.0,SCORED,SCORED,sheltered,sheltered
059284,69.4,69.4,0.0,100.0,100.0,0.0,0.286,0.286,0.0,SCORED,SCORED,sheltered,sheltered
059286,68.7,68.7,0.0,100.0,100.0,0.0,0.28,0.28,0.0,SCORED,SCORED,sheltered,sheltered
059287,68.3,68.3,0.0,100.0,100.0,0.0,0.277,0.277,0.0,SCORED,SCORED,sheltered,sheltered
059288,72.3,72.3,0.0,100.0,100.0,0.0,0.456,0.456,0.0,SCORED,SCORED,sheltered,sheltered
059289,71.1,71.1,0.0,100.0,100.0,0.0,0.444,0.444,0.0,SCORED,SCORED,sheltered,sheltered
059290,76.6,76.6,0.0,100.0,100.0,0.0,0.505,0.505,0.0,SCORED,SCORED,sheltered,sheltered
059291,77.0,77.0,0.0,100.0,100.0,0.0,0.51,0.51,0.0,SCORED,SCORED,sheltered,sheltered
059292,77.3,77.3,0.0,100.0,100.0,0.0,0.513,0.513,0.0,SCORED,SCORED,sheltered,sheltered
059293,76.5,76.5,0.0,100.0,100.0,0.0,0.504,0.504,0.0,SCORED,SCORED,sheltered,sheltered
059294,76.7,76.7,0.0,100.0,100.0,0.0,0.506,0.506,0.0,SCORED,SCORED,sheltered,sheltered
059295,73.7,73.7,0.0,100.0,100.0,0.0,0.444,0.444,0.0,SCORED,SCORED,sheltered,sheltered
059296,73.8,73.8,0.0,100.0,100.0,0.0,0.445,0.445,0.0,SCORED,SCORED,sheltered,sheltered
059297,74.3,74.3,0.0,100.0,100.0,0.0,0.45,0.45,0.0,SCORED,SCORED,sheltered,sheltered
059298,80.3,80.3,0.0,100.0,100.0,0.0,0.557,0.557,0.0,SCORED,SCORED,sheltered,sheltered
059299,74.5,74.5,0.0,100.0,100.0,0.0,0.453,0.453,0.0,SCORED,SCORED,sheltered,sheltered
059300,74.4,74.4,0.0,100.0,100.0,0.0,0.452,0.452,0.0,SCORED,SCORED,sheltered,sheltered
059301,74.2,74.2,0.0,100.0,100.0,0.0,0.449,0.449,0.0,SCORED,SCORED,sheltered,sheltered
059304,77.6,77.6,0.0,100.0,100.0,0.0,0.488,0.488,0.0,SCORED,SCORED,sheltered,sheltered
059305,77.2,77.2,0.0,100.0,100.0,0.0,0.483,0.483,0.0,SCORED,SCORED,sheltered,sheltered
059383,94.3,94.3,0.0,100.0,100.0,0.0,0.883,0.883,0.0,SCORED,SCORED,sheltered,sheltered
059384,95.2,95.2,0.0,100.0,100.0,0.0,0.905,0.905,0.0,SCORED,SCORED,sheltered,sheltered
059385,95.2,95.2,0.0,100.0,100.0,0.0,0.906,0.906,0.0,SCORED,SCORED,sheltered,sheltered
059386,95.0,95.0,0.0,100.0,100.0,0.0,0.901,0.901,0.0,SCORED,SCORED,sheltered,sheltered
059387,97.4,97.4,0.0,100.0,100.0,0.0,0.961,0.961,0.0,SCORED,SCORED,sheltered,sheltered
059388,96.5,96.5,0.0,100.0,100.0,0.0,0.936,0.936,0.0,SCORED,SCORED,sheltered,sheltered
059389,98.3,98.3,0.0,100.0,100.0,0.0,0.958,0.958,0.0,SCORED,SCORED,sheltered,sheltered
059390,97.6,97.6,0.0,100.0,100.0,0.0,0.94,0.94,0.0,SCORED,SCORED,sheltered,sheltered
059391,96.6,96.6,0.0,100.0,100.0,0.0,0.939,0.939,0.0,SCORED,SCORED,sheltered,sheltered
059392,96.6,96.6,0.0,100.0,100.0,0.0,0.939,0.939,0.0,SCORED,SCORED,sheltered,sheltered
059394,96.6,96.6,0.0,100.0,100.0,0.0,0.939,0.939,0.0,SCORED,SCORED,sheltered,sheltered
059395,89.6,89.6,0.0,100.0,100.0,0.0,0.764,0.764,0.0,SCORED,SCORED,sheltered,sheltered
059398,83.4,83.4,0.0,100.0,100.0,0.0,0.61,0.61,0.0,SCORED,SCORED,sheltered,sheltered
059400,83.9,83.9,0.0,100.0,100.0,0.0,0.622,0.622,0.0,SCORED,SCORED,sheltered,sheltered
059402,82.5,82.5,0.0,100.0,100.0,0.0,0.587,0.587,0.0,SCORED,SCORED,sheltered,sheltered
059405,81.5,81.5,0.0,100.0,100.0,0.0,0.561,0.561,0.0,SCORED,SCORED,sheltered,sheltered
059413,76.3,76.3,0.0,100.0,100.0,0.0,0.406,0.406,0.0,SCORED,SCORED,sheltered,sheltered
059418,76.3,76.3,0.0,100.0,100.0,0.0,0.432,0.432,0.0,SCORED,SCORED,sheltered,sheltered
059422,73.8,73.8,0.0,100.0,100.0,0.0,0.344,0.344,0.0,SCORED,SCORED,sheltered,sheltered
059423,75.1,75.1,0.0,100.0,100.0,0.0,0.378,0.378,0.0,SCORED,SCORED,sheltered,sheltered
059424,76.7,76.7,0.0,100.0,100.0,0.0,0.418,0.418,0.0,SCORED,SCORED,sheltered,sheltered
059425,77.5,77.5,0.0,100.0,100.0,0.0,0.438,0.438,0.0,SCORED,SCORED,sheltered,sheltered
059426,76.7,76.7,0.0,100.0,100.0,0.0,0.418,0.418,0.0,SCORED,SCORED,sheltered,sheltered
059427,78.1,78.1,0.0,100.0,100.0,0.0,0.453,0.453,0.0,SCORED,SCORED,sheltered,sheltered
059428,78.0,78.0,0.0,100.0,100.0,0.0,0.449,0.449,0.0,SCORED,SCORED,sheltered,sheltered
059429,80.6,80.6,0.0,100.0,100.0,0.0,0.514,0.514,0.0,SCORED,SCORED,sheltered,sheltered
059430,79.9,79.9,0.0,100.0,100.0,0.0,0.497,0.497,0.0,SCORED,SCORED,sheltered,sheltered
059431,94.5,94.5,0.0,100.0,100.0,0.0,0.862,0.862,0.0,SCORED,SCORED,sheltered,sheltered
059432,98.9,98.9,0.0,100.0,100.0,0.0,0.973,0.973,0.0,SCORED,SCORED,sheltered,sheltered
059433,78.6,78.6,0.0,100.0,100.0,0.0,0.491,0.491,0.0,SCORED,SCORED,sheltered,sheltered
059434,77.9,77.9,0.0,100.0,100.0,0.0,0.473,0.473,0.0,SCORED,SCORED,sheltered,sheltered
059435,77.9,77.9,0.0,100.0,100.0,0.0,0.472,0.472,0.0,SCORED,SCORED,sheltered,sheltered
059436,77.7,77.7,0.0,100.0,100.0,0.0,0.468,0.468,0.0,SCORED,SCORED,sheltered,sheltered
059437,75.0,75.0,0.0,100.0,100.0,0.0,0.399,0.399,0.0,SCORED,SCORED,sheltered,sheltered
059438,74.3,74.3,0.0,100.0,100.0,0.0,0.382,0.382,0.0,SCORED,SCORED,sheltered,sheltered
059439,81.9,81.9,0.0,100.0,100.0,0.0,0.547,0.547,0.0,SCORED,SCORED,sheltered,sheltered
059441,78.1,78.1,0.0,100.0,100.0,0.0,0.477,0.477,0.0,SCORED,SCORED,sheltered,sheltered
059443,84.9,84.9,0.0,100.0,100.0,0.0,0.624,0.624,0.0,SCORED,SCORED,sheltered,sheltered
059483,74.5,74.5,0.0,100.0,100.0,0.0,0.363,0.363,0.0,SCORED,SCORED,sheltered,sheltered
059484,74.4,74.4,0.0,100.0,100.0,0.0,0.359,0.359,0.0,SCORED,SCORED,sheltered,sheltered
059485,74.6,74.6,0.0,100.0,100.0,0.0,0.364,0.364,0.0,SCORED,SCORED,sheltered,sheltered
059486,73.9,73.9,0.0,100.0,100.0,0.0,0.348,0.348,0.0,SCORED,SCORED,sheltered,sheltered
059487,73.7,73.7,0.0,100.0,100.0,0.0,0.344,0.344,0.0,SCORED,SCORED,sheltered,sheltered
059488,73.8,73.8,0.0,100.0,100.0,0.0,0.346,0.346,0.0,SCORED,SCORED,sheltered,sheltered
059489,73.3,73.3,0.0,100.0,100.0,0.0,0.333,0.333,0.0,SCORED,SCORED,sheltered,sheltered
059490,77.7,77.7,0.0,100.0,100.0,0.0,0.443,0.443,0.0,SCORED,SCORED,sheltered,sheltered
059491,71.0,71.0,0.0,100.0,100.0,0.0,0.276,0.276,0.0,SCORED,SCORED,sheltered,sheltered
059492,77.8,77.8,0.0,100.0,100.0,0.0,0.444,0.444,0.0,SCORED,SCORED,sheltered,sheltered
059493,77.7,77.7,0.0,100.0,100.0,0.0,0.442,0.442,0.0,SCORED,SCORED,sheltered,sheltered
059494,70.0,70.0,0.0,100.0,100.0,0.0,0.274,0.274,0.0,SCORED,SCORED,sheltered,sheltered
059497,70.1,70.1,0.0,100.0,100.0,0.0,0.277,0.277,0.0,SCORED,SCORED,sheltered,sheltered
059498,75.4,75.4,0.0,100.0,100.0,0.0,0.384,0.384,0.0,SCORED,SCORED,sheltered,sheltered
059499,70.3,70.3,0.0,100.0,100.0,0.0,0.282,0.282,0.0,SCORED,SCORED,sheltered,sheltered
059500,70.3,70.3,0.0,100.0,100.0,0.0,0.282,0.282,0.0,SCORED,SCORED,sheltered,sheltered
059501,74.9,74.9,0.0,100.0,100.0,0.0,0.373,0.373,0.0,SCORED,SCORED,sheltered,sheltered
059502,67.2,67.2,0.0,100.0,100.0,0.0,0.181,0.181,0.0,SCORED,SCORED,sheltered,sheltered
059503,67.3,67.3,0.0,100.0,100.0,0.0,0.183,0.183,0.0,SCORED,SCORED,sheltered,sheltered
059504,67.4,67.4,0.0,100.0,100.0,0.0,0.185,0.185,0.0,SCORED,SCORED,sheltered,sheltered
059505,76.6,76.6,0.0,100.0,100.0,0.0,0.464,0.464,0.0,SCORED,SCORED,sheltered,sheltered
059506,76.7,76.7,0.0,100.0,100.0,0.0,0.467,0.467,0.0,SCORED,SCORED,sheltered,sheltered
059507,76.6,76.6,0.0,100.0,100.0,0.0,0.466,0.466,0.0,SCORED,SCORED,sheltered,sheltered
059508,76.3,76.3,0.0,100.0,100.0,0.0,0.459,0.459,0.0,SCORED,SCORED,sheltered,sheltered
059509,69.7,69.7,0.0,100.0,100.0,0.0,0.242,0.242,0.0,SCORED,SCORED,sheltered,sheltered
059510,69.7,69.7,0.0,100.0,100.0,0.0,0.242,0.242,0.0,SCORED,SCORED,sheltered,sheltered
059511,69.7,69.7,0.0,100.0,100.0,0.0,0.243,0.243,0.0,SCORED,SCORED,sheltered,sheltered
059512,69.5,69.5,0.0,100.0,100.0,0.0,0.238,0.238,0.0,SCORED,SCORED,sheltered,sheltered
059513,67.8,67.8,0.0,100.0,100.0,0.0,0.195,0.195,0.0,SCORED,SCORED,sheltered,sheltered
059514,67.8,67.8,0.0,100.0,100.0,0.0,0.196,0.196,0.0,SCORED,SCORED,sheltered,sheltered
059515,67.7,67.7,0.0,100.0,100.0,0.0,0.194,0.194,0.0,SCORED,SCORED,sheltered,sheltered
059516,67.7,67.7,0.0,100.0,100.0,0.0,0.192,0.192,0.0,SCORED,SCORED,sheltered,sheltered
059517,67.6,67.6,0.0,100.0,100.0,0.0,0.19,0.19,0.0,SCORED,SCORED,sheltered,sheltered
059518,71.1,71.1,0.0,100.0,100.0,0.0,0.302,0.302,0.0,SCORED,SCORED,sheltered,sheltered
059519,71.2,71.2,0.0,100.0,100.0,0.0,0.306,0.306,0.0,SCORED,SCORED,sheltered,sheltered
059520,71.2,71.2,0.0,100.0,100.0,0.0,0.279,0.279,0.0,SCORED,SCORED,shortest_due_to_detour,shortest_due_to_detour
059521,71.2,71.2,0.0,100.0,100.0,0.0,0.279,0.279,0.0,SCORED,SCORED,shortest_due_to_detour,shortest_due_to_detour
059522,78.1,78.1,0.0,100.0,100.0,0.0,0.453,0.453,0.0,SCORED,SCORED,sheltered,sheltered
059523,71.2,71.2,0.0,100.0,100.0,0.0,0.279,0.279,0.0,SCORED,SCORED,shortest_due_to_detour,shortest_due_to_detour
059524,69.7,69.7,0.0,100.0,100.0,0.0,0.242,0.242,0.0,SCORED,SCORED,sheltered,sheltered
059525,75.6,75.6,0.0,100.0,100.0,0.0,0.389,0.389,0.0,SCORED,SCORED,sheltered,sheltered
059526,76.7,76.7,0.0,100.0,100.0,0.0,0.418,0.418,0.0,SCORED,SCORED,sheltered,sheltered
059527,76.0,76.0,0.0,100.0,100.0,0.0,0.401,0.401,0.0,SCORED,SCORED,sheltered,sheltered
059528,76.7,76.7,0.0,100.0,100.0,0.0,0.418,0.418,0.0,SCORED,SCORED,sheltered,sheltered
059567,88.4,88.4,0.0,100.0,100.0,0.0,0.828,0.828,0.0,SCORED,SCORED,sheltered,sheltered
059568,47.6,47.6,0.0,0.0,0.0,0.0,0.507,0.507,0.0,SCORED,SCORED,sheltered,sheltered
059570,54.5,54.5,0.0,0.0,0.0,0.0,0.666,0.666,0.0,SCORED,SCORED,sheltered,sheltered
059571,67.2,67.2,0.0,100.0,100.0,0.0,0.179,0.179,0.0,SCORED,SCORED,sheltered,sheltered
059572,85.6,85.6,0.0,100.0,100.0,0.0,0.793,0.793,0.0,SCORED,SCORED,sheltered,sheltered
059573,55.0,55.0,0.0,0.0,0.0,0.0,0.732,0.732,0.0,SCORED,SCORED,sheltered,sheltered
059607,76.9,76.9,0.0,100.0,100.0,0.0,0.607,0.607,0.0,SCORED,SCORED,sheltered,sheltered
059608,81.7,81.7,0.0,100.0,100.0,0.0,0.661,0.661,0.0,SCORED,SCORED,sheltered,sheltered
059648,73.1,73.1,0.0,100.0,100.0,0.0,0.437,0.437,0.0,SCORED,SCORED,sheltered,sheltered
059649,72.5,72.5,0.0,100.0,100.0,0.0,0.432,0.432,0.0,SCORED,SCORED,sheltered,sheltered
059650,72.3,72.3,0.0,100.0,100.0,0.0,0.429,0.429,0.0,SCORED,SCORED,sheltered,sheltered
059651,77.1,77.1,0.0,100.0,100.0,0.0,0.482,0.482,0.0,SCORED,SCORED,sheltered,sheltered
059652,75.7,75.7,0.0,100.0,100.0,0.0,0.466,0.466,0.0,SCORED,SCORED,sheltered,sheltered
059653,75.9,75.9,0.0,100.0,100.0,0.0,0.468,0.468,0.0,SCORED,SCORED,sheltered,sheltered
059654,77.2,77.2,0.0,100.0,100.0,0.0,0.483,0.483,0.0,SCORED,SCORED,sheltered,sheltered
059655,76.0,76.0,0.0,100.0,100.0,0.0,0.469,0.469,0.0,SCORED,SCORED,sheltered,sheltered
059656,75.6,75.6,0.0,100.0,100.0,0.0,0.465,0.465,0.0,SCORED,SCORED,sheltered,sheltered
059658,79.2,79.2,0.0,100.0,100.0,0.0,0.507,0.507,0.0,SCORED,SCORED,sheltered,sheltered
059660,79.5,79.5,0.0,100.0,100.0,0.0,0.513,0.513,0.0,SCORED,SCORED,sheltered,sheltered
059661,79.5,79.5,0.0,100.0,100.0,0.0,0.512,0.512,0.0,SCORED,SCORED,sheltered,sheltered
059662,80.0,80.0,0.0,100.0,100.0,0.0,0.526,0.526,0.0,SCORED,SCORED,sheltered,sheltered
059663,81.6,81.6,0.0,100.0,100.0,0.0,0.565,0.565,0.0,SCORED,SCORED,sheltered,sheltered
059666,77.2,77.2,0.0,100.0,100.0,0.0,0.483,0.483,0.0,SCORED,SCORED,sheltered,sheltered
059667,80.9,80.9,0.0,100.0,100.0,0.0,0.548,0.548,0.0,SCORED,SCORED,sheltered,sheltered
059668,74.3,74.3,0.0,100.0,100.0,0.0,0.45,0.45,0.0,SCORED,SCORED,sheltered,sheltered
059670,74.2,74.2,0.0,100.0,100.0,0.0,0.449,0.449,0.0,SCORED,SCORED,sheltered,sheltered
059671,74.3,74.3,0.0,100.0,100.0,0.0,0.45,0.45,0.0,SCORED,SCORED,sheltered,sheltered
059672,79.4,79.4,0.0,100.0,100.0,0.0,0.509,0.509,0.0,SCORED,SCORED,sheltered,sheltered
059673,74.0,74.0,0.0,100.0,100.0,0.0,0.447,0.447,0.0,SCORED,SCORED,sheltered,sheltered
059674,73.5,73.5,0.0,100.0,100.0,0.0,0.442,0.442,0.0,SCORED,SCORED,sheltered,sheltered
059675,78.3,78.3,0.0,100.0,100.0,0.0,0.496,0.496,0.0,SCORED,SCORED,sheltered,sheltered
059676,74.6,74.6,0.0,100.0,100.0,0.0,0.454,0.454,0.0,SCORED,SCORED,sheltered,sheltered
059677,75.3,75.3,0.0,100.0,100.0,0.0,0.462,0.462,0.0,SCORED,SCORED,sheltered,sheltered
059678,74.9,74.9,0.0,100.0,100.0,0.0,0.457,0.457,0.0,SCORED,SCORED,sheltered,sheltered
059679,74.9,74.9,0.0,100.0,100.0,0.0,0.457,0.457,0.0,SCORED,SCORED,sheltered,sheltered
059680,74.7,74.7,0.0,100.0,100.0,0.0,0.455,0.455,0.0,SCORED,SCORED,sheltered,sheltered
059681,71.4,71.4,0.0,100.0,100.0,0.0,0.31,0.31,0.0,SCORED,SCORED,sheltered,sheltered
059682,71.4,71.4,0.0,100.0,100.0,0.0,0.421,0.421,0.0,SCORED,SCORED,sheltered,sheltered
059683,69.1,69.1,0.0,100.0,100.0,0.0,0.283,0.283,0.0,SCORED,SCORED,sheltered,sheltered
059684,69.4,69.4,0.0,100.0,100.0,0.0,0.285,0.285,0.0,SCORED,SCORED,sheltered,sheltered
059685,69.7,69.7,0.0,100.0,100.0,0.0,0.288,0.288,0.0,SCORED,SCORED,sheltered,sheltered
059724,72.4,72.4,0.0,100.0,100.0,0.0,0.515,0.515,0.0,SCORED,SCORED,sheltered,sheltered
059725,71.2,71.2,0.0,100.0,100.0,0.0,0.527,0.527,0.0,SCORED,SCORED,sheltered,sheltered
059726,72.0,72.0,0.0,100.0,100.0,0.0,0.326,0.326,0.0,SCORED,SCORED,sheltered,sheltered
059727,72.4,72.4,0.0,100.0,100.0,0.0,0.515,0.515,0.0,SCORED,SCORED,sheltered,sheltered
059763,93.3,93.3,0.0,100.0,100.0,0.0,0.833,0.833,0.0,SCORED,SCORED,sheltered,sheltered
059764,78.9,78.9,0.0,100.0,100.0,0.0,0.498,0.498,0.0,SCORED,SCORED,sheltered,sheltered
059765,89.9,89.9,0.0,100.0,100.0,0.0,0.848,0.848,0.0,SCORED,SCORED,sheltered,sheltered
059803,97.3,97.3,0.0,100.0,100.0,0.0,0.933,0.933,0.0,SCORED,SCORED,sheltered,sheltered
059804,87.7,,,100.0,,,0.73,,,SCORED,NO_TRANSIT_IN_RANGE,sheltered,
059805,71.7,71.7,0.0,100.0,100.0,0.0,0.318,0.318,0.0,SCORED,SCORED,sheltered,sheltered
059810,40.0,40.0,0.0,0.0,0.0,0.0,0.0,0.0,0.0,SCORED,SCORED,sheltered,sheltered
059811,64.0,64.0,0.0,100.0,100.0,0.0,0.44,0.44,0.0,SCORED,SCORED,sheltered,sheltered
059815,73.6,93.6,20.0,0.0,100.0,100.0,0.84,0.84,0.0,SCORED,SCORED,sheltered,sheltered
059816,88.5,88.5,0.0,100.0,100.0,0.0,0.711,0.711,0.0,SCORED,SCORED,sheltered,sheltered
059817,97.8,97.8,0.0,100.0,100.0,0.0,0.945,0.945,0.0,SCORED,SCORED,sheltered,sheltered
059818,98.3,98.3,0.0,100.0,100.0,0.0,0.957,0.957,0.0,SCORED,SCORED,sheltered,sheltered
059819,94.5,94.5,0.0,100.0,100.0,0.0,0.864,0.864,0.0,SCORED,SCORED,sheltered,sheltered
059820,64.9,64.9,0.0,100.0,100.0,0.0,0.282,0.282,0.0,SCORED,SCORED,sheltered,sheltered
059827,86.4,86.4,0.0,100.0,100.0,0.0,0.685,0.685,0.0,SCORED,SCORED,sheltered_with_mrt_lrt_exit_access_connector,sheltered_with_mrt_lrt_exit_access_connector
059904,83.8,83.8,0.0,100.0,100.0,0.0,0.689,0.689,0.0,SCORED,SCORED,sheltered,sheltered
059905,82.8,82.8,0.0,100.0,100.0,0.0,0.677,0.677,0.0,SCORED,SCORED,sheltered,sheltered
059906,89.1,89.1,0.0,100.0,100.0,0.0,0.757,0.757,0.0,SCORED,SCORED,sheltered,sheltered
059907,89.6,89.6,0.0,100.0,100.0,0.0,0.765,0.765,0.0,SCORED,SCORED,sheltered,sheltered
059908,90.3,90.3,0.0,100.0,100.0,0.0,0.783,0.783,0.0,SCORED,SCORED,sheltered,sheltered
059909,85.5,85.5,0.0,100.0,100.0,0.0,0.664,0.664,0.0,SCORED,SCORED,sheltered,sheltered
059911,85.5,85.5,0.0,100.0,100.0,0.0,0.662,0.662,0.0,SCORED,SCORED,sheltered,sheltered
059912,84.7,84.7,0.0,100.0,100.0,0.0,0.642,0.642,0.0,SCORED,SCORED,sheltered,sheltered
059915,84.9,84.9,0.0,100.0,100.0,0.0,0.702,0.702,0.0,SCORED,SCORED,sheltered,sheltered
059916,84.9,84.9,0.0,100.0,100.0,0.0,0.703,0.703,0.0,SCORED,SCORED,sheltered,sheltered
059917,86.5,86.5,0.0,100.0,100.0,0.0,0.724,0.724,0.0,SCORED,SCORED,sheltered,sheltered
059918,86.9,86.9,0.0,100.0,100.0,0.0,0.728,0.728,0.0,SCORED,SCORED,sheltered,sheltered
059919,77.7,77.7,0.0,100.0,100.0,0.0,0.489,0.489,0.0,SCORED,SCORED,sheltered,sheltered
059921,77.6,77.6,0.0,100.0,100.0,0.0,0.488,0.488,0.0,SCORED,SCORED,sheltered,sheltered
059922,77.9,77.9,0.0,100.0,100.0,0.0,0.491,0.491,0.0,SCORED,SCORED,sheltered,sheltered
059923,87.3,87.3,0.0,100.0,100.0,0.0,0.706,0.706,0.0,SCORED,SCORED,sheltered,sheltered
059962,78.0,78.0,0.0,100.0,100.0,0.0,0.449,0.449,0.0,SCORED,SCORED,sheltered,sheltered
059963,91.1,91.1,0.0,100.0,100.0,0.0,0.778,0.778,0.0,SCORED,SCORED,sheltered,sheltered
059984,90.2,90.2,0.0,100.0,100.0,0.0,0.779,0.779,0.0,SCORED,SCORED,sheltered,sheltered
062864,59.7,59.7,0.0,98.6,98.6,0.0,0.0,0.0,0.0,SCORED,SCORED,sheltered,sheltered
068574,60.0,60.0,0.0,100.0,100.0,0.0,0.0,0.0,0.0,SCORED,SCORED,sheltered_with_bus_stop_access_connector,sheltered_with_bus_stop_access_connector
068575,60.0,60.0,0.0,100.0,100.0,0.0,0.0,0.0,0.0,SCORED,SCORED,sheltered_with_bus_stop_access_connector,sheltered_with_bus_stop_access_connector
068576,60.0,60.0,0.0,100.0,100.0,0.0,0.0,0.0,0.0,SCORED,SCORED,sheltered_with_mrt_lrt_exit_access_connector,sheltered_with_mrt_lrt_exit_access_connector
068577,60.0,60.0,0.0,100.0,100.0,0.0,0.0,0.0,0.0,SCORED,SCORED,sheltered_with_mrt_lrt_exit_access_connector,sheltered_with_mrt_lrt_exit_access_connector
068578,60.0,60.0,0.0,100.0,100.0,0.0,0.0,0.0,0.0,SCORED,SCORED,sheltered_with_mrt_lrt_exit_access_connector,sheltered_with_mrt_lrt_exit_access_connector
068579,59.0,59.0,0.0,100.0,100.0,0.0,0.0,0.0,0.0,SCORED,SCORED,sheltered,sheltered
068580,60.0,60.0,0.0,100.0,100.0,0.0,0.0,0.0,0.0,SCORED,SCORED,sheltered_with_mrt_lrt_exit_access_connector,sheltered_with_mrt_lrt_exit_access_connector
068581,59.0,59.0,0.0,100.0,100.0,0.0,0.0,0.0,0.0,SCORED,SCORED,sheltered,sheltered
068582,60.0,60.0,0.0,100.0,100.0,0.0,0.0,0.0,0.0,SCORED,SCORED,sheltered_with_mrt_lrt_exit_access_connector,sheltered_with_mrt_lrt_exit_access_connector
068583,59.0,59.0,0.0,100.0,100.0,0.0,0.0,0.0,0.0,SCORED,SCORED,sheltered,sheltered
068584,60.0,60.0,0.0,100.0,100.0,0.0,0.0,0.0,0.0,SCORED,SCORED,sheltered,sheltered
068585,59.0,59.0,0.0,100.0,100.0,0.0,0.0,0.0,0.0,SCORED,SCORED,sheltered,sheltered
068587,60.0,60.0,0.0,100.0,100.0,0.0,0.0,0.0,0.0,SCORED,SCORED,sheltered,sheltered
068589,59.0,59.0,0.0,100.0,100.0,0.0,0.0,0.0,0.0,SCORED,SCORED,sheltered_with_mrt_lrt_exit_access_connector,sheltered_with_mrt_lrt_exit_access_connector
068590,60.0,60.0,0.0,100.0,100.0,0.0,0.0,0.0,0.0,SCORED,SCORED,sheltered,sheltered
068591,59.0,59.0,0.0,100.0,100.0,0.0,0.0,0.0,0.0,SCORED,SCORED,sheltered_with_mrt_lrt_exit_access_connector,sheltered_with_mrt_lrt_exit_access_connector
068592,60.0,60.0,0.0,100.0,100.0,0.0,0.0,0.0,0.0,SCORED,SCORED,sheltered,sheltered
068593,59.0,59.0,0.0,100.0,100.0,0.0,0.0,0.0,0.0,SCORED,SCORED,sheltered_with_mrt_lrt_exit_access_connector,sheltered_with_mrt_lrt_exit_access_connector
068594,60.0,60.0,0.0,100.0,100.0,0.0,0.0,0.0,0.0,SCORED,SCORED,sheltered,sheltered
068595,60.0,60.0,0.0,100.0,100.0,0.0,0.0,0.0,0.0,SCORED,SCORED,sheltered,sheltered
068596,60.0,60.0,0.0,100.0,100.0,0.0,0.0,0.0,0.0,SCORED,SCORED,sheltered,sheltered
068597,60.5,60.5,0.0,100.0,100.0,0.0,0.0,0.0,0.0,SCORED,SCORED,sheltered,sheltered
068598,60.5,60.5,0.0,100.0,100.0,0.0,0.0,0.0,0.0,SCORED,SCORED,sheltered,sheltered
068599,60.5,60.5,0.0,100.0,100.0,0.0,0.0,0.0,0.0,SCORED,SCORED,sheltered,sheltered
068600,60.5,60.5,0.0,100.0,100.0,0.0,0.0,0.0,0.0,SCORED,SCORED,sheltered_with_mrt_lrt_exit_access_connector,sheltered_with_mrt_lrt_exit_access_connector
068601,60.0,60.0,0.0,100.0,100.0,0.0,0.0,0.0,0.0,SCORED,SCORED,sheltered,sheltered
068602,69.7,69.7,0.0,100.0,100.0,0.0,0.242,0.242,0.0,SCORED,SCORED,sheltered,sheltered
068603,60.3,60.3,0.0,100.0,100.0,0.0,0.0,0.0,0.0,SCORED,SCORED,sheltered,sheltered
068604,61.0,61.0,0.0,100.0,100.0,0.0,0.0,0.0,0.0,SCORED,SCORED,sheltered,sheltered
068605,40.0,60.0,20.0,0.0,100.0,100.0,0.0,0.0,0.0,SCORED,SCORED,sheltered,sheltered
068606,40.0,60.0,20.0,0.0,100.0,100.0,0.0,0.0,0.0,SCORED,SCORED,sheltered,sheltered
068607,40.0,60.0,20.0,0.0,100.0,100.0,0.0,0.0,0.0,SCORED,SCORED,sheltered,sheltered
068608,61.0,61.0,0.0,100.0,100.0,0.0,0.0,0.0,0.0,SCORED,SCORED,sheltered,sheltered
068609,40.0,60.0,20.0,0.0,100.0,100.0,0.0,0.0,0.0,SCORED,SCORED,sheltered,sheltered
068610,40.0,60.0,20.0,0.0,100.0,100.0,0.0,0.0,0.0,SCORED,SCORED,sheltered,sheltered
068611,60.0,60.0,0.0,100.0,100.0,0.0,0.0,0.0,0.0,SCORED,SCORED,sheltered,sheltered
068612,60.0,60.0,0.0,100.0,100.0,0.0,0.0,0.0,0.0,SCORED,SCORED,sheltered,sheltered
068613,60.0,60.0,0.0,100.0,100.0,0.0,0.0,0.0,0.0,SCORED,SCORED,sheltered,sheltered
068614,60.0,60.0,0.0,100.0,100.0,0.0,0.0,0.0,0.0,SCORED,SCORED,sheltered,sheltered
068615,60.0,60.0,0.0,100.0,100.0,0.0,0.0,0.0,0.0,SCORED,SCORED,sheltered,sheltered
068616,60.0,60.0,0.0,100.0,100.0,0.0,0.0,0.0,0.0,SCORED,SCORED,sheltered,sheltered
068617,60.0,60.0,0.0,100.0,100.0,0.0,0.0,0.0,0.0,SCORED,SCORED,sheltered,sheltered
068618,60.0,60.0,0.0,100.0,100.0,0.0,0.0,0.0,0.0,SCORED,SCORED,sheltered,sheltered
068619,40.0,60.0,20.0,0.0,100.0,100.0,0.0,0.0,0.0,SCORED,SCORED,sheltered,sheltered
068620,60.0,60.0,0.0,100.0,100.0,0.0,0.0,0.0,0.0,SCORED,SCORED,sheltered,sheltered
068621,79.5,79.5,0.0,100.0,100.0,0.0,0.482,0.482,0.0,SCORED,SCORED,sheltered,sheltered
068622,79.1,79.1,0.0,100.0,100.0,0.0,0.473,0.473,0.0,SCORED,SCORED,sheltered,sheltered
068623,81.1,81.1,0.0,100.0,100.0,0.0,0.522,0.522,0.0,SCORED,SCORED,sheltered,sheltered
068624,40.0,60.0,20.0,0.0,100.0,100.0,0.0,0.0,0.0,SCORED,SCORED,sheltered,sheltered
068625,80.4,80.4,0.0,100.0,100.0,0.0,0.504,0.504,0.0,SCORED,SCORED,sheltered,sheltered
068626,40.0,60.0,20.0,0.0,100.0,100.0,0.0,0.0,0.0,SCORED,SCORED,sheltered,sheltered
068627,81.9,81.9,0.0,100.0,100.0,0.0,0.542,0.542,0.0,SCORED,SCORED,sheltered,sheltered
068628,60.0,60.0,0.0,100.0,100.0,0.0,0.0,0.0,0.0,SCORED,SCORED,sheltered,sheltered
068629,82.2,82.2,0.0,100.0,100.0,0.0,0.548,0.548,0.0,SCORED,SCORED,sheltered,sheltered
068630,60.0,60.0,0.0,100.0,100.0,0.0,0.0,0.0,0.0,SCORED,SCORED,sheltered,sheltered
068631,60.0,60.0,0.0,100.0,100.0,0.0,0.0,0.0,0.0,SCORED,SCORED,sheltered,sheltered
068632,60.0,60.0,0.0,100.0,100.0,0.0,0.0,0.0,0.0,SCORED,SCORED,sheltered,sheltered
068633,61.7,61.7,0.0,100.0,100.0,0.0,0.0,0.0,0.0,SCORED,SCORED,sheltered,sheltered
068635,61.6,61.6,0.0,100.0,100.0,0.0,0.0,0.0,0.0,SCORED,SCORED,sheltered,sheltered
068637,79.5,79.5,0.0,100.0,100.0,0.0,0.483,0.483,0.0,SCORED,SCORED,sheltered,sheltered
068638,79.1,79.1,0.0,100.0,100.0,0.0,0.471,0.471,0.0,SCORED,SCORED,sheltered,sheltered
068639,78.8,78.8,0.0,100.0,100.0,0.0,0.465,0.465,0.0,SCORED,SCORED,sheltered,sheltered
068640,79.0,79.0,0.0,100.0,100.0,0.0,0.47,0.47,0.0,SCORED,SCORED,sheltered,sheltered
068641,81.4,81.4,0.0,100.0,100.0,0.0,0.53,0.53,0.0,SCORED,SCORED,sheltered,sheltered
068642,81.5,81.5,0.0,100.0,100.0,0.0,0.531,0.531,0.0,SCORED,SCORED,sheltered,sheltered
068643,81.9,81.9,0.0,100.0,100.0,0.0,0.541,0.541,0.0,SCORED,SCORED,sheltered,sheltered
068645,82.1,82.1,0.0,100.0,100.0,0.0,0.545,0.545,0.0,SCORED,SCORED,sheltered,sheltered
068656,81.8,81.8,0.0,100.0,100.0,0.0,0.544,0.544,0.0,SCORED,SCORED,sheltered,sheltered
068720,78.9,78.9,0.0,100.0,100.0,0.0,0.467,0.467,0.0,SCORED,SCORED,sheltered,sheltered
068721,78.8,78.8,0.0,100.0,100.0,0.0,0.465,0.465,0.0,SCORED,SCORED,sheltered,sheltered
068722,78.7,78.7,0.0,100.0,100.0,0.0,0.461,0.461,0.0,SCORED,SCORED,sheltered,sheltered
068723,73.8,73.8,0.0,100.0,100.0,0.0,0.345,0.345,0.0,SCORED,SCORED,sheltered,sheltered
068724,55.6,55.6,0.0,0.0,0.0,0.0,0.42,0.42,0.0,SCORED,SCORED,sheltered,sheltered
068725,56.1,56.1,0.0,0.0,0.0,0.0,0.425,0.425,0.0,SCORED,SCORED,sheltered,sheltered
068726,48.1,48.1,0.0,0.0,0.0,0.0,0.202,0.202,0.0,SCORED,SCORED,sheltered,sheltered
068727,48.0,48.0,0.0,0.0,0.0,0.0,0.199,0.199,0.0,SCORED,SCORED,sheltered,sheltered
068728,47.9,47.9,0.0,0.0,0.0,0.0,0.197,0.197,0.0,SCORED,SCORED,sheltered,sheltered
068729,47.7,47.7,0.0,0.0,0.0,0.0,0.193,0.193,0.0,SCORED,SCORED,sheltered,sheltered
068730,49.1,69.1,20.0,0.0,100.0,100.0,0.228,0.228,0.0,SCORED,SCORED,sheltered,sheltered
068731,49.1,69.1,20.0,0.0,100.0,100.0,0.228,0.228,0.0,SCORED,SCORED,sheltered,sheltered
068732,49.3,69.3,20.0,0.0,100.0,100.0,0.234,0.234,0.0,SCORED,SCORED,sheltered,sheltered
068733,49.4,69.4,20.0,0.0,100.0,100.0,0.236,0.236,0.0,SCORED,SCORED,sheltered,sheltered
068734,49.7,69.7,20.0,0.0,100.0,100.0,0.243,0.243,0.0,SCORED,SCORED,sheltered,sheltered
068735,49.6,69.6,20.0,0.0,100.0,100.0,0.239,0.239,0.0,SCORED,SCORED,sheltered,sheltered
068736,49.5,69.5,20.0,0.0,100.0,100.0,0.237,0.237,0.0,SCORED,SCORED,sheltered,sheltered
068737,60.0,60.0,0.0,100.0,100.0,0.0,0.0,0.0,0.0,SCORED,SCORED,sheltered_with_bus_stop_access_connector,sheltered_with_bus_stop_access_connector
068738,60.0,60.0,0.0,100.0,100.0,0.0,0.0,0.0,0.0,SCORED,SCORED,sheltered_with_bus_stop_access_connector,sheltered_with_bus_stop_access_connector
068739,60.0,60.0,0.0,100.0,100.0,0.0,0.0,0.0,0.0,SCORED,SCORED,sheltered_with_bus_stop_access_connector,sheltered_with_bus_stop_access_connector
068740,60.0,60.0,0.0,100.0,100.0,0.0,0.0,0.0,0.0,SCORED,SCORED,sheltered_with_bus_stop_access_connector,sheltered_with_bus_stop_access_connector
068803,83.1,83.1,0.0,100.0,100.0,0.0,0.578,0.578,0.0,SCORED,SCORED,sheltered,sheltered
068804,71.3,71.3,0.0,100.0,100.0,0.0,0.413,0.413,0.0,SCORED,SCORED,sheltered,sheltered
068805,69.8,69.8,0.0,100.0,100.0,0.0,0.245,0.245,0.0,SCORED,SCORED,sheltered,sheltered
068807,81.7,81.7,0.0,100.0,100.0,0.0,0.524,0.524,0.0,SCORED,SCORED,sheltered,sheltered
068808,65.2,65.2,0.0,100.0,100.0,0.0,0.131,0.131,0.0,SCORED,SCORED,sheltered_with_mrt_lrt_exit_access_connector,sheltered_with_mrt_lrt_exit_access_connector
068809,71.0,71.0,0.0,100.0,100.0,0.0,0.318,0.318,0.0,SCORED,SCORED,sheltered,sheltered
068810,65.8,65.8,0.0,100.0,100.0,0.0,0.205,0.205,0.0,SCORED,SCORED,sheltered,sheltered
068811,81.8,81.8,0.0,100.0,100.0,0.0,0.596,0.596,0.0,SCORED,SCORED,sheltered_with_bus_stop_access_connector,sheltered_with_bus_stop_access_connector
068813,65.4,65.4,0.0,100.0,100.0,0.0,0.196,0.196,0.0,SCORED,SCORED,sheltered,sheltered
068814,86.8,86.8,0.0,100.0,100.0,0.0,0.669,0.669,0.0,SCORED,SCORED,sheltered_with_mrt_lrt_exit_access_connector,sheltered_with_mrt_lrt_exit_access_connector
068815,71.5,71.5,0.0,100.0,100.0,0.0,0.176,0.176,0.0,SCORED,SCORED,sheltered,sheltered
068876,67.9,67.9,0.0,100.0,100.0,0.0,0.39,0.39,0.0,SCORED,SCORED,sheltered,sheltered
068877,79.9,79.9,0.0,100.0,100.0,0.0,0.524,0.524,0.0,SCORED,SCORED,sheltered,sheltered
068882,71.0,71.0,0.0,100.0,100.0,0.0,0.3,0.3,0.0,SCORED,SCORED,sheltered,sheltered
068892,64.6,64.6,0.0,100.0,100.0,0.0,0.214,0.214,0.0,SCORED,SCORED,sheltered,sheltered
068893,71.6,71.6,0.0,100.0,100.0,0.0,0.364,0.364,0.0,SCORED,SCORED,sheltered,sheltered
068894,74.5,74.5,0.0,100.0,100.0,0.0,0.464,0.464,0.0,SCORED,SCORED,sheltered,sheltered
068895,72.8,72.8,0.0,100.0,100.0,0.0,0.375,0.375,0.0,SCORED,SCORED,sheltered,sheltered
068896,72.6,72.6,0.0,100.0,100.0,0.0,0.372,0.372,0.0,SCORED,SCORED,sheltered,sheltered
068897,49.6,49.6,0.0,0.0,0.0,0.0,0.21,0.21,0.0,SCORED,SCORED,sheltered,sheltered
068898,64.8,64.8,0.0,100.0,100.0,0.0,0.194,0.194,0.0,SCORED,SCORED,sheltered,sheltered
068899,63.5,63.5,0.0,100.0,100.0,0.0,0.179,0.179,0.0,SCORED,SCORED,sheltered,sheltered
068900,64.1,64.1,0.0,100.0,100.0,0.0,0.315,0.315,0.0,SCORED,SCORED,sheltered,sheltered
068901,65.4,65.4,0.0,100.0,100.0,0.0,0.324,0.324,0.0,SCORED,SCORED,sheltered,sheltered
068902,64.9,64.9,0.0,100.0,100.0,0.0,0.32,0.32,0.0,SCORED,SCORED,sheltered,sheltered
068906,70.1,70.1,0.0,100.0,100.0,0.0,0.444,0.444,0.0,SCORED,SCORED,sheltered,sheltered
068907,65.6,65.6,0.0,100.0,100.0,0.0,0.325,0.325,0.0,SCORED,SCORED,sheltered,sheltered
068908,62.6,62.6,0.0,100.0,100.0,0.0,0.112,0.112,0.0,SCORED,SCORED,sheltered,sheltered
068909,62.4,62.4,0.0,100.0,100.0,0.0,0.112,0.112,0.0,SCORED,SCORED,sheltered,sheltered
068911,70.7,70.7,0.0,100.0,100.0,0.0,0.357,0.357,0.0,SCORED,SCORED,sheltered,sheltered
068912,75.8,75.8,0.0,100.0,100.0,0.0,0.408,0.408,0.0,SCORED,SCORED,sheltered,sheltered
068913,68.7,68.7,0.0,100.0,100.0,0.0,0.427,0.427,0.0,SCORED,SCORED,sheltered,sheltered
068914,63.5,63.5,0.0,100.0,100.0,0.0,0.116,0.116,0.0,SCORED,SCORED,sheltered,sheltered
068978,71.1,71.1,0.0,100.0,100.0,0.0,0.368,0.368,0.0,SCORED,SCORED,sheltered,sheltered
068979,72.5,72.5,0.0,100.0,100.0,0.0,0.388,0.388,0.0,SCORED,SCORED,sheltered,sheltered
068980,72.4,72.4,0.0,100.0,100.0,0.0,0.385,0.385,0.0,SCORED,SCORED,sheltered,sheltered
068981,72.2,72.2,0.0,100.0,100.0,0.0,0.38,0.38,0.0,SCORED,SCORED,sheltered,sheltered
069043,79.9,79.9,0.0,100.0,100.0,0.0,0.493,0.493,0.0,SCORED,SCORED,sheltered,sheltered
069044,79.7,79.7,0.0,100.0,100.0,0.0,0.487,0.487,0.0,SCORED,SCORED,sheltered,sheltered
069046,66.1,66.1,0.0,100.0,100.0,0.0,0.235,0.235,0.0,SCORED,SCORED,sheltered,sheltered
069047,80.1,80.1,0.0,100.0,100.0,0.0,0.496,0.496,0.0,SCORED,SCORED,sheltered,sheltered
069110,49.3,49.3,0.0,0.0,0.0,0.0,0.182,0.182,0.0,SCORED,SCORED,sheltered,sheltered
069111,47.9,47.9,0.0,0.0,0.0,0.0,0.153,0.153,0.0,SCORED,SCORED,sheltered,sheltered
069112,42.5,42.5,0.0,0.0,0.0,0.0,0.238,0.238,0.0,SCORED,SCORED,sheltered,sheltered
069113,59.1,59.1,0.0,95.3,95.3,0.0,0.0,0.0,0.0,SCORED,SCORED,sheltered_with_bus_stop_access_connector,sheltered_with_bus_stop_access_connector
069114,44.0,44.0,0.0,0.0,0.0,0.0,0.094,0.094,0.0,SCORED,SCORED,sheltered,sheltered
069115,78.8,78.8,0.0,100.0,100.0,0.0,0.469,0.469,0.0,SCORED,SCORED,sheltered_with_mrt_lrt_exit_access_connector,sheltered_with_mrt_lrt_exit_access_connector
069116,73.4,74.4,1.0,95.3,100.0,4.7,0.359,0.359,0.0,SCORED,SCORED,sheltered,sheltered
069118,75.6,76.1,0.5,97.4,100.0,2.6,0.404,0.404,0.0,SCORED,SCORED,sheltered,sheltered
069119,73.6,73.6,0.0,0.0,0.0,0.0,0.865,0.865,0.0,SCORED,SCORED,sheltered,sheltered
069120,46.6,46.6,0.0,0.0,0.0,0.0,0.157,0.157,0.0,SCORED,SCORED,sheltered,sheltered
069121,43.5,43.5,0.0,0.0,0.0,0.0,0.087,0.087,0.0,SCORED,SCORED,sheltered,sheltered
069183,82.2,82.8,0.6,97.4,100.0,2.6,0.569,0.569,0.0,SCORED,SCORED,sheltered,sheltered
069184,87.4,87.4,0.0,100.0,100.0,0.0,0.685,0.685,0.0,SCORED,SCORED,sheltered,sheltered
069247,40.0,60.0,20.0,0.0,100.0,100.0,0.0,0.0,0.0,SCORED,SCORED,sheltered,sheltered
069248,40.0,60.0,20.0,0.0,100.0,100.0,0.0,0.0,0.0,SCORED,SCORED,sheltered,sheltered
069249,60.0,60.0,0.0,100.0,100.0,0.0,0.0,0.0,0.0,SCORED,SCORED,sheltered_with_mrt_lrt_exit_access_connector,sheltered_with_mrt_lrt_exit_access_connector
069250,60.0,60.0,0.0,100.0,100.0,0.0,0.0,0.0,0.0,SCORED,SCORED,sheltered_with_mrt_lrt_exit_access_connector,sheltered_with_mrt_lrt_exit_access_connector
069251,60.0,60.0,0.0,100.0,100.0,0.0,0.0,0.0,0.0,SCORED,SCORED,sheltered_with_mrt_lrt_exit_access_connector,sheltered_with_mrt_lrt_exit_access_connector
069252,60.0,60.0,0.0,100.0,100.0,0.0,0.0,0.0,0.0,SCORED,SCORED,sheltered_with_mrt_lrt_exit_access_connector,sheltered_with_mrt_lrt_exit_access_connector
069253,40.0,40.0,0.0,0.0,0.0,0.0,0.0,0.0,0.0,SCORED,SCORED,sheltered_with_mrt_lrt_exit_access_connector,sheltered_with_mrt_lrt_exit_access_connector
069254,60.0,60.0,0.0,100.0,100.0,0.0,0.0,0.0,0.0,SCORED,SCORED,sheltered_with_mrt_lrt_exit_access_connector,sheltered_with_mrt_lrt_exit_access_connector
069255,60.0,60.0,0.0,100.0,100.0,0.0,0.0,0.0,0.0,SCORED,SCORED,sheltered_with_mrt_lrt_exit_access_connector,sheltered_with_mrt_lrt_exit_access_connector
069256,60.0,60.0,0.0,100.0,100.0,0.0,0.0,0.0,0.0,SCORED,SCORED,sheltered_with_mrt_lrt_exit_access_connector,sheltered_with_mrt_lrt_exit_access_connector
069257,60.0,60.0,0.0,100.0,100.0,0.0,0.0,0.0,0.0,SCORED,SCORED,sheltered_with_mrt_lrt_exit_access_connector,sheltered_with_mrt_lrt_exit_access_connector
069261,60.0,60.0,0.0,100.0,100.0,0.0,0.0,0.0,0.0,SCORED,SCORED,sheltered_with_mrt_lrt_exit_access_connector,sheltered_with_mrt_lrt_exit_access_connector
069320,74.1,74.1,0.0,100.0,100.0,0.0,0.352,0.352,0.0,SCORED,SCORED,sheltered,sheltered
069321,66.8,66.8,0.0,100.0,100.0,0.0,0.169,0.169,0.0,SCORED,SCORED,sheltered,sheltered
069322,66.8,66.8,0.0,100.0,100.0,0.0,0.169,0.169,0.0,SCORED,SCORED,sheltered,sheltered
069323,66.8,66.8,0.0,100.0,100.0,0.0,0.169,0.169,0.0,SCORED,SCORED,sheltered,sheltered
069324,66.8,66.8,0.0,100.0,100.0,0.0,0.169,0.169,0.0,SCORED,SCORED,sheltered,sheltered
069325,66.8,66.8,0.0,100.0,100.0,0.0,0.169,0.169,0.0,SCORED,SCORED,sheltered,sheltered
069326,66.8,66.8,0.0,100.0,100.0,0.0,0.169,0.169,0.0,SCORED,SCORED,sheltered,sheltered
069327,66.8,66.8,0.0,100.0,100.0,0.0,0.169,0.169,0.0,SCORED,SCORED,sheltered,sheltered
069328,66.8,66.8,0.0,100.0,100.0,0.0,0.169,0.169,0.0,SCORED,SCORED,sheltered,sheltered
069329,66.8,66.8,0.0,100.0,100.0,0.0,0.169,0.169,0.0,SCORED,SCORED,sheltered,sheltered
069330,66.8,66.8,0.0,100.0,100.0,0.0,0.169,0.169,0.0,SCORED,SCORED,sheltered,sheltered
069331,66.8,66.8,0.0,100.0,100.0,0.0,0.169,0.169,0.0,SCORED,SCORED,sheltered,sheltered
069332,66.8,66.8,0.0,100.0,100.0,0.0,0.169,0.169,0.0,SCORED,SCORED,sheltered,sheltered
069333,73.9,73.9,0.0,100.0,100.0,0.0,0.347,0.347,0.0,SCORED,SCORED,sheltered,sheltered
069334,66.8,66.8,0.0,100.0,100.0,0.0,0.169,0.169,0.0,SCORED,SCORED,sheltered,sheltered
069400,60.0,60.0,0.0,100.0,100.0,0.0,0.0,0.0,0.0,SCORED,SCORED,sheltered_with_mrt_lrt_exit_access_connector,sheltered_with_mrt_lrt_exit_access_connector
069401,60.0,60.0,0.0,100.0,100.0,0.0,0.0,0.0,0.0,SCORED,SCORED,sheltered_with_mrt_lrt_exit_access_connector,sheltered_with_mrt_lrt_exit_access_connector
069402,60.0,60.0,0.0,100.0,100.0,0.0,0.0,0.0,0.0,SCORED,SCORED,sheltered_with_mrt_lrt_exit_access_connector,sheltered_with_mrt_lrt_exit_access_connector
069403,60.0,60.0,0.0,100.0,100.0,0.0,0.0,0.0,0.0,SCORED,SCORED,sheltered_with_mrt_lrt_exit_access_connector,sheltered_with_mrt_lrt_exit_access_connector
069404,60.0,60.0,0.0,100.0,100.0,0.0,0.0,0.0,0.0,SCORED,SCORED,sheltered_with_mrt_lrt_exit_access_connector,sheltered_with_mrt_lrt_exit_access_connector
069405,60.0,60.0,0.0,100.0,100.0,0.0,0.0,0.0,0.0,SCORED,SCORED,sheltered,sheltered
069406,60.0,60.0,0.0,100.0,100.0,0.0,0.0,0.0,0.0,SCORED,SCORED,sheltered,sheltered
069410,60.0,60.0,0.0,100.0,100.0,0.0,0.0,0.0,0.0,SCORED,SCORED,sheltered,sheltered
069412,60.0,60.0,0.0,100.0,100.0,0.0,0.0,0.0,0.0,SCORED,SCORED,sheltered,sheltered
069413,60.0,60.0,0.0,100.0,100.0,0.0,0.0,0.0,0.0,SCORED,SCORED,sheltered,sheltered
069414,60.0,60.0,0.0,100.0,100.0,0.0,0.0,0.0,0.0,SCORED,SCORED,sheltered,sheltered
069415,40.0,40.0,0.0,0.0,0.0,0.0,0.0,0.0,0.0,SCORED,SCORED,sheltered,sheltered
069418,64.8,64.8,0.0,100.0,100.0,0.0,0.12,0.12,0.0,SCORED,SCORED,sheltered,sheltered
069419,64.7,64.7,0.0,100.0,100.0,0.0,0.118,0.118,0.0,SCORED,SCORED,sheltered,sheltered
069420,64.7,64.7,0.0,100.0,100.0,0.0,0.116,0.116,0.0,SCORED,SCORED,sheltered,sheltered
069421,65.2,65.2,0.0,100.0,100.0,0.0,0.119,0.119,0.0,SCORED,SCORED,sheltered,sheltered
069422,60.0,60.0,0.0,100.0,100.0,0.0,0.0,0.0,0.0,SCORED,SCORED,sheltered_with_bus_stop_access_connector,sheltered_with_bus_stop_access_connector
069423,65.7,65.7,0.0,100.0,100.0,0.0,0.142,0.142,0.0,SCORED,SCORED,sheltered,sheltered
069424,65.0,65.0,0.0,100.0,100.0,0.0,0.115,0.115,0.0,SCORED,SCORED,sheltered,sheltered
069425,66.1,66.1,0.0,100.0,100.0,0.0,0.153,0.153,0.0,SCORED,SCORED,sheltered,sheltered
069426,64.8,64.8,0.0,100.0,100.0,0.0,0.111,0.111,0.0,SCORED,SCORED,sheltered,sheltered
069427,66.1,66.1,0.0,100.0,100.0,0.0,0.153,0.153,0.0,SCORED,SCORED,sheltered,sheltered
069428,65.3,65.3,0.0,100.0,100.0,0.0,0.123,0.123,0.0,SCORED,SCORED,sheltered,sheltered
069429,65.7,65.7,0.0,100.0,100.0,0.0,0.143,0.143,0.0,SCORED,SCORED,sheltered,sheltered
069431,66.6,66.6,0.0,100.0,100.0,0.0,0.153,0.153,0.0,SCORED,SCORED,sheltered,sheltered
069432,66.5,66.5,0.0,100.0,100.0,0.0,0.151,0.151,0.0,SCORED,SCORED,sheltered,sheltered
069433,66.5,66.5,0.0,100.0,100.0,0.0,0.152,0.152,0.0,SCORED,SCORED,sheltered,sheltered
069434,65.0,65.0,0.0,100.0,100.0,0.0,0.114,0.114,0.0,SCORED,SCORED,sheltered,sheltered
069435,66.9,66.9,0.0,100.0,100.0,0.0,0.16,0.16,0.0,SCORED,SCORED,sheltered,sheltered
069436,65.0,65.0,0.0,100.0,100.0,0.0,0.115,0.115,0.0,SCORED,SCORED,sheltered,sheltered
069437,65.0,65.0,0.0,100.0,100.0,0.0,0.114,0.114,0.0,SCORED,SCORED,sheltered,sheltered
069438,41.6,41.6,0.0,0.0,0.0,0.0,0.028,0.028,0.0,SCORED,SCORED,sheltered,sheltered
069439,64.9,64.9,0.0,100.0,100.0,0.0,0.113,0.113,0.0,SCORED,SCORED,sheltered,sheltered
069440,41.6,41.6,0.0,0.0,0.0,0.0,0.028,0.028,0.0,SCORED,SCORED,sheltered,sheltered
069442,41.6,41.6,0.0,0.0,0.0,0.0,0.028,0.028,0.0,SCORED,SCORED,sheltered,sheltered
069443,41.5,41.5,0.0,0.0,0.0,0.0,0.027,0.027,0.0,SCORED,SCORED,sheltered,sheltered
069446,44.0,44.0,0.0,0.0,0.0,0.0,0.092,0.092,0.0,SCORED,SCORED,sheltered,sheltered
069448,66.8,66.8,0.0,100.0,100.0,0.0,0.159,0.159,0.0,SCORED,SCORED,sheltered,sheltered
069449,65.6,65.6,0.0,100.0,100.0,0.0,0.129,0.129,0.0,SCORED,SCORED,sheltered,sheltered
069450,67.4,67.4,0.0,100.0,100.0,0.0,0.185,0.185,0.0,SCORED,SCORED,sheltered,sheltered
069451,67.5,67.5,0.0,100.0,100.0,0.0,0.176,0.176,0.0,SCORED,SCORED,sheltered,sheltered
069452,67.4,67.4,0.0,100.0,100.0,0.0,0.186,0.186,0.0,SCORED,SCORED,sheltered,sheltered
069453,67.7,67.7,0.0,100.0,100.0,0.0,0.179,0.179,0.0,SCORED,SCORED,sheltered,sheltered
069454,67.3,67.3,0.0,100.0,100.0,0.0,0.183,0.183,0.0,SCORED,SCORED,sheltered,sheltered
069455,67.7,67.7,0.0,100.0,100.0,0.0,0.179,0.179,0.0,SCORED,SCORED,sheltered,sheltered
069456,67.7,67.7,0.0,100.0,100.0,0.0,0.18,0.18,0.0,SCORED,SCORED,sheltered,sheltered
069457,67.6,67.6,0.0,100.0,100.0,0.0,0.177,0.177,0.0,SCORED,SCORED,sheltered,sheltered
069458,67.5,67.5,0.0,100.0,100.0,0.0,0.174,0.174,0.0,SCORED,SCORED,sheltered,sheltered
069459,67.4,67.4,0.0,100.0,100.0,0.0,0.171,0.171,0.0,SCORED,SCORED,sheltered,sheltered
069460,67.6,67.6,0.0,100.0,100.0,0.0,0.177,0.177,0.0,SCORED,SCORED,sheltered,sheltered
069461,67.4,67.4,0.0,100.0,100.0,0.0,0.171,0.171,0.0,SCORED,SCORED,sheltered,sheltered
069462,67.4,67.4,0.0,100.0,100.0,0.0,0.173,0.173,0.0,SCORED,SCORED,sheltered,sheltered
069463,68.4,68.4,0.0,100.0,100.0,0.0,0.2,0.2,0.0,SCORED,SCORED,sheltered,sheltered
069464,68.9,68.9,0.0,100.0,100.0,0.0,0.223,0.223,0.0,SCORED,SCORED,sheltered,sheltered
069465,68.4,68.4,0.0,100.0,100.0,0.0,0.2,0.2,0.0,SCORED,SCORED,sheltered,sheltered
069467,69.2,69.2,0.0,100.0,100.0,0.0,0.231,0.231,0.0,SCORED,SCORED,sheltered,sheltered
069468,60.0,60.0,0.0,100.0,100.0,0.0,0.0,0.0,0.0,SCORED,SCORED,sheltered,sheltered
069469,60.0,60.0,0.0,100.0,100.0,0.0,0.0,0.0,0.0,SCORED,SCORED,sheltered,sheltered
069470,66.3,66.3,0.0,100.0,100.0,0.0,0.156,0.156,0.0,SCORED,SCORED,sheltered,sheltered
069471,60.6,60.6,0.0,100.0,100.0,0.0,0.0,0.0,0.0,SCORED,SCORED,sheltered_with_bus_stop_access_connector,sheltered_with_bus_stop_access_connector
069472,92.2,92.2,0.0,100.0,100.0,0.0,0.904,0.904,0.0,SCORED,SCORED,sheltered,sheltered
069531,60.0,60.0,0.0,100.0,100.0,0.0,0.0,0.0,0.0,SCORED,SCORED,sheltered_with_bus_stop_access_connector,sheltered_with_bus_stop_access_connector
